feature,mean_abs_shap
CD46,1.7586013179175997
PCLO,1.187621543653678
RIMKLB,0.9503209335266692
MPZL1,0.9041850222669974
DNMBP,0.8456855110723905
MAGED2,0.6044460720040725
CTNNAL1,0.5765179321884408
DCBLD2,0.5598998190092509
DCUN1D4,0.520882349428875
PXDN,0.49867605834608797
RBM4,0.4952680139348569
PTK2,0.4415823247230416
MYO1B,0.42018625322987174
NUDT15,0.40206353686112395
LAMB1,0.37477149375943386
RAD51C,0.3032575273016014
OBSL1,0.28940871058054635
PHF19,0.27425583286669586
FAM171A1,0.24167214806603182
RAI14,0.2182072755619402
ID3,0.1895706341516301
TOM1,0.18058097704267667
PLXNB2,0.17954630899501567
SLC41A1,0.16515117036835675
MAGED1,0.16224988234451046
KLHL8,0.16081046821869927
CHRNB1,0.1607088945174255
MKS1,0.16031753675331334
AKAP12,0.1567166110278433
TACO1,0.14940206742862636
SMTN,0.14864391316940945
CYBRD1,0.14510069756525903
CAPN2,0.14491270810206872
PLAUR,0.13989523537070084
GSN,0.13497926543777997
DRAM1,0.13211014544647212
KIF3C,0.12980330151464387
SLC9A7,0.12929719217952762
SPATS2,0.12706514673487468
MAP3K9,0.11654185255091203
TNNT1,0.11524746293057195
TMEM14A,0.10886742273736687
ANO10,0.10709099425180994
ADAM9,0.10403995967399508
VPS25,0.10195463679382374
LAMC1,0.08943114561894734
TLN2,0.08306683416115904
E2F7,0.07508852432350377
ARHGAP29,0.07349835445382036
DNAH11,0.07149226937534289
DLG2,0.06896867936941103
MYO19,0.06737895813223192
ZDHHC2,0.06544799766459589
PRNP,0.06283499905912247
NCKAP1,0.0623665636225212
EPHB4,0.060992717939526916
FZD3,0.057865564825489005
HYLS1,0.054195521059620756
FBXL13,0.0539759054770934
MAP4K3,0.04802122151326367
PRKAB2,0.042689901589745144
SLC12A7,0.03792367141169426
ADCY3,0.0341591461774889
DSE,0.031952596108159884
JUP,0.0239519734179223
PALLD,0.0220617525314065
CHML,0.01859186027859273
SLC37A3,0.015882466301918738
TBC1D16,0.01586936863738001
FGD1,0.009297361653893195
GRN,0.0
GRK6,0.0
GRIPAP1,0.0
H6PD,0.0
GSS,0.0
GSTA4,0.0
GSTCD,0.0
GSTK1,0.0
H2AFJ,0.0
HACE1,0.0
GSR,0.0
GRPEL1,0.0
GSPT2,0.0
H2AFV,0.0
H2AFX,0.0
GSPT1,0.0
H2AFY,0.0
H2AFZ,0.0
H3F3A,0.0
H3F3B,0.0
GSK3B,0.0
GSK3A,0.0
GSDMD,0.0
GRWD1,0.0
GRSF1,0.0
GRPEL2,0.0
GTF2IRD1,0.0
GTF2IRD2,0.0
GTF3A,0.0
GTF3C1,0.0
GTF3C2,0.0
GTF3C3,0.0
GTF3C4,0.0
GTF3C5,0.0
GTF3C6,0.0
GRIP1,0.0
GTPBP10,0.0
GTPBP2,0.0
GUSB,0.0
GTPBP3,0.0
GTPBP4,0.0
GTPBP6,0.0
GTPBP8,0.0
GTSE1,0.0
GUK1,0.0
GUF1,0.0
GTPBP1,0.0
GSTM4,0.0
GSTO1,0.0
GSTP1,0.0
GSTZ1,0.0
H1FX,0.0
GTDC1,0.0
GTF2A1,0.0
GTF2A2,0.0
GTF2B,0.0
GXYLT1,0.0
GTF2E2,0.0
GTF2F1,0.0
GZF1,0.0
GTF2F2,0.0
GTF2H1,0.0
GTF2H2,0.0
GTF2H3,0.0
GYS1,0.0
GTF2H5,0.0
GTF2I,0.0
GTF2E1,0.0
GLYR1,0.0
GNA12,0.0
GNA13,0.0
GNAI2,0.0
GNAI3,0.0
GNAQ,0.0
GNAS,0.0
GNB1,0.0
GNB2,0.0
GNB4,0.0
GNE,0.0
GPN2,0.0
GNG11,0.0
GNG12,0.0
GNG2,0.0
GNG5,0.0
GNL1,0.0
GNL2,0.0
GNL3,0.0
GNL3L,0.0
GNPAT,0.0
GNPDA1,0.0
GNPDA2,0.0
GNPNAT1,0.0
GNG10,0.0
GINS3,0.0
GINS4,0.0
GIPC1,0.0
GIT1,0.0
GIT2,0.0
GK5,0.0
GLA,0.0
GLB1,0.0
GLCE,0.0
GLE1,0.0
GLG1,0.0
GLUL,0.0
GLIPR2,0.0
GLMN,0.0
GLO1,0.0
GLOD4,0.0
GLRX,0.0
GLRX2,0.0
GLRX3,0.0
GLRX5,0.0
GLS,0.0
GLT8D1,0.0
GLTP,0.0
GLUD1,0.0
GLI3,0.0
GPATCH3,0.0
GPATCH4,0.0
GPATCH8,0.0
GPBP1,0.0
GPBP1L1,0.0
GPCPD1,0.0
GPKOW,0.0
GPM6B,0.0
GPN1,0.0
HACL1,0.0
GPN3,0.0
GNPTAB,0.0
GPR108,0.0
GPR155,0.0
GPR180,0.0
GPS1,0.0
GPS2,0.0
GPX4,0.0
GRAMD1A,0.0
GRB10,0.0
GRB2,0.0
GREB1,0.0
GRHPR,0.0
GRINA,0.0
GPR107,0.0
GNPTG,0.0
GNS,0.0
GOLGA1,0.0
GOLGA2,0.0
GOLGA3,0.0
GOLGA4,0.0
GOLGA5,0.0
GOLGA7,0.0
GOLGB1,0.0
GOLM1,0.0
GOLPH3,0.0
GPATCH2,0.0
GOLT1B,0.0
GON4L,0.0
GOPC,0.0
GORAB,0.0
GORASP2,0.0
GOSR1,0.0
GOSR2,0.0
GOT1,0.0
GOT2,0.0
GPAA1,0.0
GPANK1,0.0
GPATCH1,0.0
GOLPH3L,0.0
HNRNPUL2,0.0
HOMER1,0.0
HOMEZ,0.0
HOOK2,0.0
HOOK3,0.0
HP1BP3,0.0
HPS1,0.0
HPS3,0.0
HPS4,0.0
HPS5,0.0
HRAS,0.0
HAX1,0.0
HS6ST1,0.0
HSBP1,0.0
HSCB,0.0
HSD17B10,0.0
HSD17B11,0.0
HSD17B12,0.0
HSD17B4,0.0
HSD17B7,0.0
HSDL1,0.0
HSDL2,0.0
HSF1,0.0
HSF2,0.0
HS2ST1,0.0
HMGN1,0.0
HMGN2,0.0
HMGN3,0.0
HMGN5,0.0
HMGXB3,0.0
HMGXB4,0.0
HMMR,0.0
HMOX2,0.0
HNRNPA0,0.0
HNRNPA1,0.0
HNRNPA2B1,0.0
HNRNPUL1,0.0
HNRNPAB,0.0
HNRNPC,0.0
HNRNPD,0.0
HNRNPF,0.0
HNRNPH1,0.0
HNRNPH2,0.0
HNRNPH3,0.0
HNRNPK,0.0
HNRNPL,0.0
HNRNPM,0.0
HNRNPR,0.0
HNRNPU,0.0
HNRNPA3,0.0
ICA1L,0.0
ICK,0.0
ICMT,0.0
ID2,0.0
IDE,0.0
IDH1,0.0
IDH2,0.0
IDH3A,0.0
IDH3B,0.0
IDH3G,0.0
IDI1,0.0
HSP90AA1,0.0
IER2,0.0
IER3IP1,0.0
IFI30,0.0
IFITM2,0.0
IFITM3,0.0
IFNAR1,0.0
IFNAR2,0.0
IFNGR1,0.0
IFNGR2,0.0
IFRD1,0.0
IFRD2,0.0
IFT122,0.0
IDS,0.0
HSP90AB1,0.0
HSP90B1,0.0
HSPA13,0.0
HSPA1B,0.0
HSPA4,0.0
HSPA5,0.0
HSPA8,0.0
HSPA9,0.0
HSPB11,0.0
HSPBAP1,0.0
HSPBP1,0.0
IBTK,0.0
HSPE1,0.0
HSPH1,0.0
HTATSF1,0.0
HTRA2,0.0
HTT,0.0
HUS1,0.0
HUWE1,0.0
HYAL2,0.0
HYOU1,0.0
IARS,0.0
IARS2,0.0
IBA57,0.0
HSPD1,0.0
HDAC7,0.0
HDAC8,0.0
HDDC2,0.0
HDDC3,0.0
HDGF,0.0
HDHD2,0.0
HDLBP,0.0
HEATR1,0.0
HEATR3,0.0
HEATR5A,0.0
HEATR5B,0.0
HMGCS1,0.0
HEBP1,0.0
HECA,0.0
HECTD1,0.0
HECTD3,0.0
HELB,0.0
HELLS,0.0
HELQ,0.0
HELZ,0.0
HERC1,0.0
HERC2,0.0
HERC4,0.0
HERPUD1,0.0
HEATR6,0.0
HADH,0.0
HADHA,0.0
HADHB,0.0
HARS,0.0
HARS2,0.0
HAT1,0.0
HAUS1,0.0
HAUS2,0.0
HAUS3,0.0
HAUS4,0.0
HAUS5,0.0
HDAC6,0.0
HAUS7,0.0
HAUS8,0.0
GINS2,0.0
HBP1,0.0
HBS1L,0.0
HCCS,0.0
HCFC1,0.0
HCFC1R1,0.0
HDAC1,0.0
HDAC2,0.0
HDAC3,0.0
HDAC5,0.0
HAUS6,0.0
HIST1H2AJ,0.0
HIST1H2BC,0.0
HIST1H2BK,0.0
HIST1H3B,0.0
HIST1H4C,0.0
HIST1H4H,0.0
HIST2H2BE,0.0
HIVEP1,0.0
HIVEP2,0.0
HJURP,0.0
HK1,0.0
HERPUD2,0.0
HLCS,0.0
HLTF,0.0
HMBOX1,0.0
HMBS,0.0
HMG20A,0.0
HMG20B,0.0
HMGA1,0.0
HMGB1,0.0
HMGB2,0.0
HMGB3,0.0
HMGCL,0.0
HMGCR,0.0
HK2,0.0
HES6,0.0
HEXA,0.0
HEXB,0.0
HEXIM1,0.0
HGS,0.0
HIBADH,0.0
HIBCH,0.0
HIC2,0.0
HIF1A,0.0
HIF1AN,0.0
HIGD1A,0.0
HIGD2A,0.0
HIST1H2AC,0.0
HINFP,0.0
HINT1,0.0
HINT2,0.0
HINT3,0.0
HIP1,0.0
HIPK1,0.0
HIPK2,0.0
HIPK3,0.0
HIRA,0.0
HIRIP3,0.0
HIST1H1C,0.0
HIST1H1E,0.0
HILPDA,0.0
FAM118A,0.0
FAM118B,0.0
FAM120A,0.0
FAM120AOS,0.0
FAM120B,0.0
FAM120C,0.0
FAM122A,0.0
FAM122B,0.0
FAM126A,0.0
FAM126B,0.0
FAM133B,0.0
GEMIN8,0.0
FAM13A,0.0
FAM13B,0.0
FAM160A2,0.0
FAM160B1,0.0
FAM161A,0.0
FAM162A,0.0
FAM168B,0.0
FAM169A,0.0
FAM172A,0.0
FAM174B,0.0
FAM185A,0.0
FAM136A,0.0
EXTL2,0.0
EXTL3,0.0
EYA3,0.0
EZH1,0.0
EZH2,0.0
EZR,0.0
F11R,0.0
F2R,0.0
FABP5,0.0
FADD,0.0
FADS1,0.0
FAM117B,0.0
FADS3,0.0
FAF1,0.0
FAF2,0.0
FAHD1,0.0
FAHD2A,0.0
FAIM,0.0
FAM102A,0.0
FAM102B,0.0
FAM104A,0.0
FAM107B,0.0
FAM111A,0.0
FAM114A2,0.0
FADS2,0.0
FANCD2,0.0
FANCE,0.0
FANCF,0.0
FANCG,0.0
FANCI,0.0
FANCL,0.0
FANCM,0.0
FAR1,0.0
FAR2,0.0
FARS2,0.0
FARSA,0.0
FAM189B,0.0
FASN,0.0
FASTK,0.0
FASTKD1,0.0
FASTKD2,0.0
FASTKD3,0.0
FASTKD5,0.0
FAU,0.0
FBL,0.0
FBN2,0.0
FBRSL1,0.0
FBXL12,0.0
FBXL18,0.0
FARSB,0.0
FAM192A,0.0
FAM193A,0.0
FAM193B,0.0
FAM199X,0.0
FAM204A,0.0
FAM207A,0.0
FAM20B,0.0
FAM210A,0.0
FAM216A,0.0
FAM217B,0.0
FAM219B,0.0
FANCC,0.0
FAM3C,0.0
FAM49A,0.0
FAM49B,0.0
FAM50A,0.0
FAM53C,0.0
FAM76A,0.0
FAM76B,0.0
FAM98A,0.0
FAM98B,0.0
FAN1,0.0
FANCA,0.0
FANCB,0.0
FAM32A,0.0
EPC2,0.0
EPG5,0.0
EPM2AIP1,0.0
EPN2,0.0
EPRS,0.0
EPS15,0.0
EPS15L1,0.0
ERAL1,0.0
ERC1,0.0
ERCC1,0.0
ERCC2,0.0
EXT2,0.0
ERCC4,0.0
ERCC5,0.0
ERCC6,0.0
ERCC6L,0.0
ERCC8,0.0
ERF,0.0
ERGIC1,0.0
ERGIC2,0.0
ERGIC3,0.0
ERH,0.0
ERI1,0.0
ERI2,0.0
ERCC3,0.0
ELMOD3,0.0
ELOF1,0.0
ELOVL5,0.0
ELOVL6,0.0
ELP2,0.0
ELP3,0.0
ELP4,0.0
EMB,0.0
EMD,0.0
EME1,0.0
EMG1,0.0
EPC1,0.0
EML4,0.0
EMP3,0.0
ENAH,0.0
ENC1,0.0
ENO1,0.0
ENOPH1,0.0
ENOX2,0.0
ENSA,0.0
ENTPD6,0.0
ENY2,0.0
EP300,0.0
EP400,0.0
EML1,0.0
ETV5,0.0
ETV6,0.0
EVI5,0.0
EWSR1,0.0
EXO1,0.0
EXOC1,0.0
EXOC2,0.0
EXOC3,0.0
EXOC4,0.0
EXOC5,0.0
EXOC6,0.0
ERI3,0.0
EXOC7,0.0
EXOC8,0.0
EXOG,0.0
EXOSC1,0.0
EXOSC10,0.0
EXOSC2,0.0
EXOSC3,0.0
EXOSC4,0.0
EXOSC5,0.0
EXOSC7,0.0
EXOSC8,0.0
EXOSC9,0.0
EXOC6B,0.0
ERICH1,0.0
ERLEC1,0.0
ERLIN1,0.0
ERLIN2,0.0
ERMP1,0.0
ERP29,0.0
ERP44,0.0
ESCO1,0.0
ESCO2,0.0
ESD,0.0
ESF1,0.0
ETV3,0.0
ESRRA,0.0
ESYT1,0.0
ESYT2,0.0
ETAA1,0.0
ETF1,0.0
ETFA,0.0
ETFB,0.0
ETFDH,0.0
ETHE1,0.0
ETNK1,0.0
ETS1,0.0
ETS2,0.0
ESPL1,0.0
G6PC3,0.0
GAB1,0.0
GABARAP,0.0
GABARAPL2,0.0
GABBR1,0.0
GABPA,0.0
GABPB1,0.0
GADD45A,0.0
GADD45GIP1,0.0
GAK,0.0
GALE,0.0
FBXL20,0.0
GALNS,0.0
GALNT1,0.0
GALNT11,0.0
GALNT7,0.0
GALT,0.0
GAMT,0.0
GAN,0.0
GANAB,0.0
GAPDH,0.0
GAPVD1,0.0
GAR1,0.0
GARS,0.0
GALK2,0.0
FRG1,0.0
FRMD8,0.0
FRS2,0.0
FRYL,0.0
FTH1,0.0
FTO,0.0
FTSJ1,0.0
FTSJ3,0.0
FUBP1,0.0
FUBP3,0.0
FUNDC1,0.0
G3BP2,0.0
FUS,0.0
FUT10,0.0
FUT8,0.0
FXN,0.0
FXR1,0.0
FXYD5,0.0
FYCO1,0.0
FYN,0.0
FYTTD1,0.0
FZD6,0.0
G2E3,0.0
G3BP1,0.0
FUNDC2,0.0
GEMIN2,0.0
GEMIN5,0.0
GEMIN6,0.0
GEMIN7,0.0
IFT20,0.0
GEN1,0.0
GFER,0.0
GFM1,0.0
GFM2,0.0
GFOD2,0.0
GFPT1,0.0
GART,0.0
GGA2,0.0
GGA3,0.0
GGCT,0.0
GGCX,0.0
GGH,0.0
GGNBP2,0.0
GGPS1,0.0
GHITM,0.0
GIGYF1,0.0
GIGYF2,0.0
GIN1,0.0
GINS1,0.0
GGA1,0.0
GAS2L3,0.0
GAS7,0.0
GATAD1,0.0
GATAD2A,0.0
GATAD2B,0.0
GATC,0.0
GBA,0.0
GBA2,0.0
GBE1,0.0
GBF1,0.0
GCAT,0.0
GDPD1,0.0
GCDH,0.0
GCFC2,0.0
GCLC,0.0
GCLM,0.0
GCNT1,0.0
GCSH,0.0
GDAP1,0.0
GDAP2,0.0
GDE1,0.0
GDF11,0.0
GDI1,0.0
GDI2,0.0
GCC2,0.0
FBXW8,0.0
FCF1,0.0
FCGRT,0.0
FCHO1,0.0
FCHO2,0.0
FDFT1,0.0
FDPS,0.0
FDX1,0.0
FECH,0.0
FEM1A,0.0
FEM1B,0.0
FRAT2,0.0
FEN1,0.0
FER,0.0
FEZ2,0.0
FGD4,0.0
FGD6,0.0
FGFR1,0.0
FGFR1OP,0.0
FGFR1OP2,0.0
FGGY,0.0
FHL3,0.0
FIBP,0.0
FIG4,0.0
FEM1C,0.0
FBXL3,0.0
FBXL4,0.0
FBXL5,0.0
FBXO11,0.0
FBXO21,0.0
FBXO22,0.0
FBXO28,0.0
FBXO3,0.0
FBXO30,0.0
FBXO33,0.0
FBXO34,0.0
FBXW7,0.0
FBXO38,0.0
FBXO42,0.0
FBXO45,0.0
FBXO46,0.0
FBXO5,0.0
FBXO7,0.0
FBXO8,0.0
FBXO9,0.0
FBXW11,0.0
FBXW2,0.0
FBXW4,0.0
FBXW5,0.0
FBXO36,0.0
FNBP1,0.0
FNBP1L,0.0
FNBP4,0.0
FNDC3A,0.0
FNDC3B,0.0
FNIP1,0.0
FNIP2,0.0
FNTA,0.0
FNTB,0.0
FOPNL,0.0
FOXJ3,0.0
FIGNL1,0.0
FOXK2,0.0
FOXM1,0.0
FOXN2,0.0
FOXN3,0.0
FOXO1,0.0
FOXO3,0.0
FOXP1,0.0
FOXP4,0.0
FOXRED1,0.0
FOXRED2,0.0
FPGS,0.0
FRA10AC1,0.0
FOXK1,0.0
FIP1L1,0.0
FIS1,0.0
FKBP11,0.0
FKBP15,0.0
FKBP1A,0.0
FKBP2,0.0
FKBP3,0.0
FKBP4,0.0
FKBP5,0.0
FKBP7,0.0
FKBP8,0.0
FN3KRP,0.0
FKTN,0.0
FLAD1,0.0
FLCN,0.0
FLII,0.0
FLNA,0.0
FLNB,0.0
FLOT1,0.0
FLOT2,0.0
FLT1,0.0
FLYWCH2,0.0
FMNL3,0.0
FMR1,0.0
FKRP,0.0
MECP2,0.0
MECR,0.0
MED1,0.0
MED11,0.0
MED12,0.0
MED12L,0.0
MED13,0.0
MED13L,0.0
MED14,0.0
MED15,0.0
MED16,0.0
IKBKB,0.0
MED18,0.0
MED19,0.0
MED20,0.0
MED21,0.0
MED22,0.0
MED23,0.0
MED24,0.0
MED27,0.0
MED28,0.0
MED29,0.0
MED30,0.0
MED31,0.0
MED17,0.0
MCM3AP,0.0
MCM4,0.0
MCM5,0.0
MCM6,0.0
MCM7,0.0
MCM8,0.0
MCM9,0.0
MCMBP,0.0
MCPH1,0.0
MCRS1,0.0
MCTS1,0.0
MECOM,0.0
MDC1,0.0
MDH1,0.0
MDH2,0.0
MDK,0.0
MDM1,0.0
MDM2,0.0
MDM4,0.0
MDN1,0.0
MDP1,0.0
ME2,0.0
MEA1,0.0
MEAF6,0.0
MCU,0.0
METTL4,0.0
METTL5,0.0
METTL6,0.0
METTL8,0.0
METTL9,0.0
MEX3A,0.0
MEX3C,0.0
MFAP3,0.0
MFF,0.0
MFGE8,0.0
MFHAS1,0.0
MED4,0.0
MFN2,0.0
MFSD1,0.0
MFSD10,0.0
MFSD11,0.0
MFSD12,0.0
MFSD3,0.0
MFSD5,0.0
MFSD6,0.0
MFSD8,0.0
MGA,0.0
MGAT1,0.0
MGAT2,0.0
MFN1,0.0
MED6,0.0
MED7,0.0
MED8,0.0
MED9,0.0
MEF2A,0.0
MEF2D,0.0
MEGF8,0.0
MEGF9,0.0
MELK,0.0
MEMO1,0.0
MEN1,0.0
METTL3,0.0
METAP1,0.0
METAP1D,0.0
METAP2,0.0
METTL1,0.0
METTL14,0.0
METTL15,0.0
METTL16,0.0
METTL17,0.0
METTL18,0.0
METTL21A,0.0
METTL22,0.0
METTL23,0.0
MEPCE,0.0
MAN2A2,0.0
MAN2B1,0.0
MAN2B2,0.0
MAN2C1,0.0
MANBA,0.0
MANBAL,0.0
MANEA,0.0
MANF,0.0
MAP1LC3B,0.0
MAP1S,0.0
MAP2K1,0.0
MCM3,0.0
MAP2K3,0.0
MAP2K4,0.0
MAP2K7,0.0
MAP3K1,0.0
MAP3K2,0.0
MAP3K3,0.0
MAP3K4,0.0
MAP3K7,0.0
MAP4,0.0
MAP4K4,0.0
MAP4K5,0.0
MAP7D1,0.0
MAP2K2,0.0
LZTR1,0.0
LZTS1,0.0
LZTS2,0.0
M6PR,0.0
MACF1,0.0
MAD1L1,0.0
MAD2L1,0.0
MAD2L1BP,0.0
MAD2L2,0.0
MADD,0.0
MAEA,0.0
MAN2A1,0.0
MAFG,0.0
MAGI3,0.0
MAGOH,0.0
MAGOHB,0.0
MAGT1,0.0
MAK,0.0
MAK16,0.0
MALSU1,0.0
MALT1,0.0
MAML1,0.0
MAN1A2,0.0
MAN1B1,0.0
MAF1,0.0
MAVS,0.0
MAX,0.0
MAZ,0.0
MBD1,0.0
MBD2,0.0
MBD3,0.0
MBD4,0.0
MBIP,0.0
MBLAC2,0.0
MBNL1,0.0
MBOAT1,0.0
MAPK1,0.0
MBOAT7,0.0
MBTD1,0.0
MBTPS1,0.0
MBTPS2,0.0
MCC,0.0
MCCC1,0.0
MCCC2,0.0
MCEE,0.0
MCFD2,0.0
MCL1,0.0
MCM10,0.0
MCM2,0.0
MBOAT2,0.0
MAPK14,0.0
MAPK1IP1L,0.0
MAPK3,0.0
MAPK6,0.0
MAPK7,0.0
MAPK8,0.0
MAPK9,0.0
MAPKAP1,0.0
MAPKAPK2,0.0
MAPKAPK3,0.0
MAPKAPK5,0.0
MAPRE1,0.0
MAU2,0.0
MARCKSL1,0.0
MARK2,0.0
MARK3,0.0
MARS,0.0
MARS2,0.0
MARVELD1,0.0
MAST2,0.0
MAST3,0.0
MASTL,0.0
MAT2A,0.0
MAT2B,0.0
MATR3,0.0
MAPRE2,0.0
MRPL45,0.0
MRPL46,0.0
MRPL47,0.0
MRPL48,0.0
MRPL49,0.0
MRPL50,0.0
MRPL51,0.0
MRPL52,0.0
MRPL54,0.0
MRPL55,0.0
MRPL9,0.0
MGAT4A,0.0
MRPS11,0.0
MRPS12,0.0
MRPS14,0.0
MRPS15,0.0
MRPS16,0.0
MRPS17,0.0
MRPS18A,0.0
MRPS18B,0.0
MRPS18C,0.0
MRPS2,0.0
MRPS21,0.0
MRPS22,0.0
MRPS10,0.0
MRPL19,0.0
MRPL2,0.0
MRPL20,0.0
MRPL21,0.0
MRPL22,0.0
MRPL23,0.0
MRPL24,0.0
MRPL27,0.0
MRPL28,0.0
MRPL3,0.0
MRPL30,0.0
MRPL44,0.0
MRPL33,0.0
MRPL34,0.0
MRPL35,0.0
MRPL36,0.0
MRPL37,0.0
MRPL38,0.0
MRPL39,0.0
MRPL4,0.0
MRPL40,0.0
MRPL41,0.0
MRPL42,0.0
MRPL43,0.0
MRPL32,0.0
MSL3,0.0
MSMO1,0.0
MSN,0.0
MSRB1,0.0
MSRB2,0.0
MSTO1,0.0
MTA1,0.0
MTA2,0.0
MTA3,0.0
MTBP,0.0
MTCH1,0.0
MRPS23,0.0
MTDH,0.0
MTF1,0.0
MTF2,0.0
MTFMT,0.0
MTFP1,0.0
MTFR1,0.0
MTG1,0.0
MTHFD1,0.0
MTHFD1L,0.0
MTHFD2,0.0
MTHFD2L,0.0
MTHFR,0.0
MTCH2,0.0
MRPS24,0.0
MRPS25,0.0
MRPS26,0.0
MRPS27,0.0
MRPS28,0.0
MRPS30,0.0
MRPS31,0.0
MRPS33,0.0
MRPS34,0.0
MRPS35,0.0
MRPS36,0.0
MRPS5,0.0
MSL2,0.0
MRPS7,0.0
MRPS9,0.0
MRRF,0.0
MRS2,0.0
MRTO4,0.0
MSANTD2,0.0
MSANTD3,0.0
MSANTD4,0.0
MSH2,0.0
MSH3,0.0
MSH6,0.0
MSL1,0.0
MRPS6,0.0
MIS18BP1,0.0
MITD1,0.0
MKI67,0.0
MKKS,0.0
MKLN1,0.0
MKNK2,0.0
MKRN1,0.0
MKRN2,0.0
MLEC,0.0
MLF2,0.0
MLH1,0.0
MRPL18,0.0
MLLT1,0.0
MLLT10,0.0
MLLT11,0.0
MLLT6,0.0
MLST8,0.0
MLX,0.0
MLXIP,0.0
MMAA,0.0
MMAB,0.0
MMACHC,0.0
MMADHC,0.0
MMD,0.0
MLH3,0.0
MGAT4B,0.0
MGAT5,0.0
MGMT,0.0
MGRN1,0.0
MGST3,0.0
MIA3,0.0
MIB1,0.0
MICAL1,0.0
MICAL3,0.0
MICALL1,0.0
MICU1,0.0
MIS18A,0.0
MIDN,0.0
MIEN1,0.0
MIER1,0.0
MIER2,0.0
MIER3,0.0
MIF,0.0
MIF4GD,0.0
MIIP,0.0
MINK1,0.0
MIOS,0.0
MIPEP,0.0
MIS12,0.0
MID1IP1,0.0
MPHOSPH9,0.0
MPI,0.0
MPLKIP,0.0
MPP1,0.0
MPP5,0.0
MPP6,0.0
MPP7,0.0
MPPE1,0.0
MPRIP,0.0
MPV17,0.0
MPV17L2,0.0
MMGT1,0.0
MREG,0.0
MRFAP1,0.0
MRI1,0.0
MRPL1,0.0
MRPL10,0.0
MRPL11,0.0
MRPL12,0.0
MRPL13,0.0
MRPL14,0.0
MRPL15,0.0
MRPL16,0.0
MRPL17,0.0
MR1,0.0
MMS19,0.0
MMS22L,0.0
MNAT1,0.0
MND1,0.0
MNS1,0.0
MNT,0.0
MOB1A,0.0
MOB1B,0.0
MOB3A,0.0
MOB3B,0.0
MOB4,0.0
MOCS2,0.0
MPHOSPH8,0.0
MON2,0.0
MORC3,0.0
MORF4L1,0.0
MORF4L2,0.0
MOSPD1,0.0
MOSPD2,0.0
MOSPD3,0.0
MOV10,0.0
MPDU1,0.0
MPG,0.0
MPHOSPH10,0.0
MPHOSPH6,0.0
MON1B,0.0
JARID2,0.0
JDP2,0.0
JKAMP,0.0
JMJD1C,0.0
JMJD4,0.0
JMJD6,0.0
JMJD8,0.0
JMY,0.0
JOSD1,0.0
JPH1,0.0
JRK,0.0
LZTFL1,0.0
JTB,0.0
JUND,0.0
KANK1,0.0
KANK2,0.0
KANSL1,0.0
KANSL1L,0.0
KANSL2,0.0
KANSL3,0.0
KARS,0.0
KAT2A,0.0
KAT5,0.0
KAT6A,0.0
JRKL,0.0
ISYNA1,0.0
ITCH,0.0
ITFG1,0.0
ITFG2,0.0
ITGA5,0.0
ITGA6,0.0
ITGAE,0.0
ITGB1,0.0
ITGB1BP1,0.0
ITGB3BP,0.0
ITM2B,0.0
JAKMIP2,0.0
ITPA,0.0
ITPK1,0.0
ITPR1,0.0
ITPR2,0.0
ITPR3,0.0
ITSN1,0.0
ITSN2,0.0
IVD,0.0
IVNS1ABP,0.0
IWS1,0.0
JAGN1,0.0
JAK1,0.0
ITM2C,0.0
KDM3B,0.0
KDM4A,0.0
KDM4B,0.0
KDM4C,0.0
KDM5A,0.0
KDM5B,0.0
KDM5C,0.0
KDM6A,0.0
KDSR,0.0
KEAP1,0.0
KHDRBS1,0.0
KAT6B,0.0
KHK,0.0
KHNYN,0.0
KHSRP,0.0
KIDINS220,0.0
KIF11,0.0
KIF13A,0.0
KIF13B,0.0
KIF14,0.0
KIF15,0.0
KIF16B,0.0
KIF18A,0.0
KIF18B,0.0
KHDRBS3,0.0
KAT7,0.0
KAT8,0.0
KATNA1,0.0
KATNAL1,0.0
KATNB1,0.0
KBTBD2,0.0
KBTBD3,0.0
KBTBD4,0.0
KBTBD7,0.0
KCMF1,0.0
KCNMB4,0.0
KDM3A,0.0
KCTD2,0.0
KCTD20,0.0
KCTD3,0.0
KCTD5,0.0
KCTD6,0.0
KCTD7,0.0
KCTD9,0.0
KDELR1,0.0
KDELR2,0.0
KDM1A,0.0
KDM2A,0.0
KDM2B,0.0
KCTD10,0.0
ILF2,0.0
ILF3,0.0
ILKAP,0.0
ILVBL,0.0
IMMP1L,0.0
IMMP2L,0.0
IMMT,0.0
IMP3,0.0
IMP4,0.0
IMPA1,0.0
IMPA2,0.0
ISY1,0.0
IMPDH2,0.0
INCENP,0.0
INF2,0.0
ING1,0.0
ING2,0.0
ING3,0.0
ING4,0.0
ING5,0.0
INO80,0.0
INO80C,0.0
INO80D,0.0
INO80E,0.0
IMPAD1,0.0
IFT27,0.0
IFT46,0.0
IFT52,0.0
IFT57,0.0
IFT80,0.0
IFT81,0.0
IFT88,0.0
IGBP1,0.0
IGF1R,0.0
IGF2BP3,0.0
IGF2R,0.0
ILDR2,0.0
IGSF3,0.0
IGSF8,0.0
IK,0.0
IKBIP,0.0
ELMOD2,0.0
IKZF4,0.0
IKZF5,0.0
IL10RB,0.0
IL15,0.0
IL17RA,0.0
IL27RA,0.0
IL6ST,0.0
IGHMBP2,0.0
IPO9,0.0
IPP,0.0
IQCB1,0.0
IQGAP1,0.0
IQGAP3,0.0
IQSEC1,0.0
IQSEC2,0.0
IRAK1,0.0
IRAK4,0.0
IREB2,0.0
IRF1,0.0
INPP4A,0.0
IRF2BP2,0.0
IRF2BPL,0.0
IRF3,0.0
IRGQ,0.0
IRS1,0.0
ISCA1,0.0
ISCA2,0.0
ISCU,0.0
ISG15,0.0
ISG20L2,0.0
ISOC1,0.0
IST1,0.0
IRF2,0.0
INPP5A,0.0
INPP5B,0.0
INPP5F,0.0
INSIG1,0.0
INSIG2,0.0
INSR,0.0
INTS1,0.0
INTS10,0.0
INTS12,0.0
INTS2,0.0
INTS3,0.0
INTS4,0.0
IPO8,0.0
INTS6,0.0
INTS7,0.0
INTS8,0.0
INTS9,0.0
IP6K1,0.0
IP6K2,0.0
IPMK,0.0
IPO11,0.0
IPO13,0.0
IPO4,0.0
IPO5,0.0
IPO7,0.0
INTS5,0.0
LMO4,0.0
LMO7,0.0
LMTK2,0.0
LNX2,0.0
LONP1,0.0
LONP2,0.0
LONRF1,0.0
LPCAT1,0.0
LPCAT3,0.0
LPCAT4,0.0
LPGAT1,0.0
KIF1B,0.0
LPIN2,0.0
LPP,0.0
LRBA,0.0
LRCH3,0.0
LRIG1,0.0
LRIG2,0.0
LRP1,0.0
LRP12,0.0
LRP6,0.0
LRP8,0.0
LRPAP1,0.0
LRPPRC,0.0
LPIN1,0.0
LIG1,0.0
LIG3,0.0
LIMA1,0.0
LIMD1,0.0
LIMD2,0.0
LIMK1,0.0
LIMK2,0.0
LIMS1,0.0
LIN52,0.0
LIN54,0.0
LIN7C,0.0
LMNB2,0.0
LIPA,0.0
LIPT1,0.0
LITAF,0.0
LLGL1,0.0
LLPH,0.0
LMAN1,0.0
LMAN2,0.0
LMAN2L,0.0
LMBR1,0.0
LMBRD1,0.0
LMLN,0.0
LMNB1,0.0
LIN9,0.0
LSM5,0.0
LSM6,0.0
LSM7,0.0
LSS,0.0
LTA4H,0.0
LTBP1,0.0
LTN1,0.0
LTV1,0.0
LUC7L,0.0
LUC7L2,0.0
LUC7L3,0.0
LRR1,0.0
LY6E,0.0
LYAR,0.0
LYN,0.0
LYPLA1,0.0
LYPLA2,0.0
LYRM1,0.0
LYRM2,0.0
LYRM4,0.0
LYRM7,0.0
LYSMD3,0.0
LYSMD4,0.0
LZIC,0.0
LUZP1,0.0
LRRC1,0.0
LRRC14,0.0
LRRC28,0.0
LRRC40,0.0
LRRC41,0.0
LRRC42,0.0
LRRC47,0.0
LRRC57,0.0
LRRC58,0.0
LRRC59,0.0
LRRC8A,0.0
LRRC8B,0.0
LSM4,0.0
LRRC8D,0.0
LRRCC1,0.0
LRRFIP1,0.0
LRRFIP2,0.0
LSG1,0.0
LSM1,0.0
LSM10,0.0
LSM12,0.0
LSM14A,0.0
LSM14B,0.0
LSM2,0.0
LSM3,0.0
LRRC8C,0.0
KLHL20,0.0
KLHL21,0.0
KLHL23,0.0
KLHL24,0.0
KLHL28,0.0
KLHL5,0.0
KLHL7,0.0
KNTC1,0.0
KPNA1,0.0
KPNA2,0.0
KPNA3,0.0
LIAS,0.0
KPNA6,0.0
KPNB1,0.0
KPTN,0.0
KRAS,0.0
KRCC1,0.0
KRI1,0.0
KRIT1,0.0
KRR1,0.0
KRT10,0.0
KRTCAP2,0.0
KTI12,0.0
KTN1,0.0
KPNA4,0.0
KIF1C,0.0
KIF20A,0.0
KIF20B,0.0
KIF21B,0.0
KIF22,0.0
KIF23,0.0
KIF2A,0.0
KIF2C,0.0
KIF3A,0.0
KIF3B,0.0
KIF5B,0.0
KLHL18,0.0
KIFC1,0.0
KIN,0.0
KLC1,0.0
KLF10,0.0
KLF13,0.0
KLF3,0.0
KLF6,0.0
KLHDC10,0.0
KLHDC2,0.0
KLHDC3,0.0
KLHDC4,0.0
KLHL12,0.0
KIFAP3,0.0
LATS2,0.0
LBH,0.0
LBR,0.0
LCLAT1,0.0
LCMT1,0.0
LCMT2,0.0
LCOR,0.0
LCORL,0.0
LDB1,0.0
LDHA,0.0
LDHB,0.0
KXD1,0.0
LEMD3,0.0
LENG8,0.0
LEO1,0.0
LEPROT,0.0
LEPROTL1,0.0
LETM1,0.0
LETMD1,0.0
LGALS1,0.0
LGALS3BP,0.0
LGALS8,0.0
LHFPL2,0.0
LHPP,0.0
LDLR,0.0
L2HGDH,0.0
L3MBTL2,0.0
L3MBTL3,0.0
LACTB,0.0
LACTB2,0.0
LAGE3,0.0
LAMP1,0.0
LAMP2,0.0
LAMTOR1,0.0
LAMTOR2,0.0
LAMTOR3,0.0
LANCL1,0.0
LATS1,0.0
LAP3,0.0
LAPTM4A,0.0
LARP1,0.0
LARP1B,0.0
LARP4,0.0
LARP4B,0.0
LARP7,0.0
LARS,0.0
LARS2,0.0
LAS1L,0.0
LASP1,0.0
LAT2,0.0
LANCL2,0.0
BCCIP,0.0
BCDIN3D,0.0
BCKDHA,0.0
BCKDHB,0.0
BCKDK,0.0
BCL10,0.0
BCL11A,0.0
BCL11B,0.0
BCL2L1,0.0
BCL2L11,0.0
BCL2L12,0.0
EIF4ENIF1,0.0
BCL7A,0.0
BCL7B,0.0
BCL9,0.0
BCL9L,0.0
BCLAF1,0.0
BCOR,0.0
BCS1L,0.0
BDH1,0.0
BDH2,0.0
BDP1,0.0
BECN1,0.0
BEND3,0.0
BCL2L13,0.0
BAG4,0.0
BAG5,0.0
BAG6,0.0
BAHD1,0.0
BAK1,0.0
BANF1,0.0
BANP,0.0
BAP1,0.0
BARD1,0.0
BAX,0.0
BAZ1A,0.0
BCAT2,0.0
BAZ2A,0.0
BAZ2B,0.0
BBIP1,0.0
BBS1,0.0
BBS4,0.0
BBS7,0.0
BBS9,0.0
BBX,0.0
BCAP29,0.0
BCAP31,0.0
BCAS2,0.0
BCAS3,0.0
BAZ1B,0.0
BOLA3,0.0
BOP1,0.0
BORA,0.0
BPGM,0.0
BPHL,0.0
BPNT1,0.0
BPTF,0.0
BRAF,0.0
BRAP,0.0
BRAT1,0.0
BRCA1,0.0
BET1,0.0
BRCC3,0.0
BRD1,0.0
BRD2,0.0
BRD3,0.0
BRD4,0.0
BRD7,0.0
BRD8,0.0
BRD9,0.0
BRF2,0.0
BRI3,0.0
BRIP1,0.0
BRIX1,0.0
BRCA2,0.0
BET1L,0.0
BFAR,0.0
BICD1,0.0
BICD2,0.0
BID,0.0
BIN3,0.0
BIRC2,0.0
BIRC5,0.0
BIRC6,0.0
BLCAP,0.0
BLM,0.0
BOD1,0.0
BLOC1S1,0.0
BLOC1S2,0.0
BLVRA,0.0
BLVRB,0.0
BLZF1,0.0
BMP2K,0.0
BMPR2,0.0
BMS1,0.0
BNIP1,0.0
BNIP2,0.0
BNIP3,0.0
BNIP3L,0.0
BLMH,0.0
ATL2,0.0
ATL3,0.0
ATM,0.0
ATMIN,0.0
ATN1,0.0
ATOX1,0.0
ATP11A,0.0
ATP11B,0.0
ATP11C,0.0
ATP13A1,0.0
ATP13A3,0.0
BAG2,0.0
ATP1B3,0.0
ATP2A2,0.0
ATP2B1,0.0
ATP2B4,0.0
ATP2C1,0.0
ATP6AP1,0.0
ATP6AP2,0.0
ATP6V0A2,0.0
ATP6V0B,0.0
ATP6V0C,0.0
ATP6V0D1,0.0
ATP6V1A,0.0
ATP1A1,0.0
ATAD2,0.0
ATAD2B,0.0
ATAD5,0.0
ATAT1,0.0
ATE1,0.0
ATF1,0.0
ATF2,0.0
ATF4,0.0
ATF6,0.0
ATF6B,0.0
ATF7IP,0.0
ATIC,0.0
ATG10,0.0
ATG12,0.0
ATG13,0.0
ATG14,0.0
ATG16L1,0.0
ATG2B,0.0
ATG3,0.0
ATG4B,0.0
ATG4C,0.0
ATG5,0.0
ATG7,0.0
ATG9A,0.0
ATF7IP2,0.0
AUH,0.0
AUP1,0.0
AURKA,0.0
AURKAIP1,0.0
AURKB,0.0
AUTS2,0.0
AVL9,0.0
AXIN1,0.0
AZI2,0.0
AZIN1,0.0
B2M,0.0
ATP6V1B2,0.0
B3GAT3,0.0
B3GNT2,0.0
B3GNT5,0.0
B4GALT1,0.0
B4GALT3,0.0
B4GALT4,0.0
B4GALT5,0.0
B4GALT6,0.0
BABAM1,0.0
BACH1,0.0
BAD,0.0
BAG1,0.0
B3GALNT2,0.0
ATP6V1C1,0.0
ATP6V1D,0.0
ATP6V1E1,0.0
ATP6V1F,0.0
ATP6V1G1,0.0
ATP6V1H,0.0
ATP7A,0.0
ATP8A1,0.0
ATP8B1,0.0
ATP8B2,0.0
ATP9B,0.0
ATPAF1,0.0
ATXN7L3B,0.0
ATR,0.0
ATRIP,0.0
ATRN,0.0
ATRX,0.0
ATXN10,0.0
ATXN1L,0.0
ATXN2,0.0
ATXN2L,0.0
ATXN3,0.0
ATXN7,0.0
ATXN7L1,0.0
ATXN7L3,0.0
ATPAF2,0.0
CCDC28A,0.0
CCDC28B,0.0
CCDC30,0.0
CCDC34,0.0
CCDC43,0.0
CCDC47,0.0
CCDC50,0.0
CCDC51,0.0
CCDC58,0.0
CCDC59,0.0
CCDC6,0.0
BRK1,0.0
CCDC69,0.0
CCDC77,0.0
CCDC82,0.0
CCDC84,0.0
CCDC86,0.0
CCDC88A,0.0
CCDC90B,0.0
CCDC91,0.0
CCDC93,0.0
CCDC97,0.0
CCM2,0.0
CCNA2,0.0
CCDC66,0.0
CBX3,0.0
CBX5,0.0
CBY1,0.0
CC2D1A,0.0
CC2D1B,0.0
CCAR1,0.0
CCDC112,0.0
CCDC115,0.0
CCDC117,0.0
CCDC12,0.0
CCDC122,0.0
CCDC25,0.0
CCDC125,0.0
CCDC126,0.0
CCDC127,0.0
CCDC130,0.0
CCDC137,0.0
CCDC138,0.0
CCDC14,0.0
CCDC15,0.0
CCDC150,0.0
CCDC167,0.0
CCDC171,0.0
CCDC18,0.0
CCDC124,0.0
CCT6A,0.0
CCT7,0.0
CCT8,0.0
CCZ1,0.0
CD109,0.0
CD151,0.0
CD164,0.0
CD2AP,0.0
CD2BP2,0.0
CD320,0.0
CD3EAP,0.0
CCNB1,0.0
CD55,0.0
CD63,0.0
CD81,0.0
CDADC1,0.0
CDAN1,0.0
CDC123,0.0
CDC14A,0.0
CDC16,0.0
CDC20,0.0
CDC23,0.0
CDC25A,0.0
CDC25B,0.0
CD47,0.0
CCNB2,0.0
CCNC,0.0
CCND3,0.0
CCNDBP1,0.0
CCNE1,0.0
CCNE2,0.0
CCNF,0.0
CCNG1,0.0
CCNH,0.0
CCNI,0.0
CCNJ,0.0
CCT5,0.0
CCNK,0.0
CCNL1,0.0
CCNL2,0.0
CCNT1,0.0
CCNT2,0.0
CCNY,0.0
CCP110,0.0
CCPG1,0.0
CCS,0.0
CCT2,0.0
CCT3,0.0
CCT4,0.0
CCNJL,0.0
BUB1B,0.0
BUB3,0.0
BUD13,0.0
BUD31,0.0
BYSL,0.0
BZW1,0.0
BZW2,0.0
C1D,0.0
C1GALT1,0.0
C1GALT1C1,0.0
C1QBP,0.0
CBX2,0.0
C2CD2,0.0
C2CD3,0.0
CAB39,0.0
CABIN1,0.0
CACHD1,0.0
CACNB2,0.0
CACYBP,0.0
CAD,0.0
CALD1,0.0
CALM1,0.0
CALM2,0.0
CALM3,0.0
C1RL,0.0
BRMS1,0.0
BRMS1L,0.0
BROX,0.0
BRPF1,0.0
BRPF3,0.0
BRWD1,0.0
BRWD3,0.0
BSCL2,0.0
BSDC1,0.0
BSG,0.0
BTAF1,0.0
BUB1,0.0
BTBD10,0.0
BTBD2,0.0
BTBD3,0.0
BTBD7,0.0
BTBD9,0.0
BTD,0.0
BTF3,0.0
BTF3L4,0.0
BTG1,0.0
BTG3,0.0
BTN2A2,0.0
BTRC,0.0
BTBD1,0.0
CARS2,0.0
CASC3,0.0
CASC4,0.0
CASD1,0.0
CASK,0.0
CASKIN2,0.0
CASP2,0.0
CASP3,0.0
CASP6,0.0
CASP8,0.0
CASP8AP2,0.0
CALR,0.0
CAST,0.0
CAT,0.0
CATSPER2,0.0
CAV2,0.0
CBFA2T2,0.0
CBFB,0.0
CBL,0.0
CBLB,0.0
CBLL1,0.0
CBR4,0.0
CBWD1,0.0
CBX1,0.0
CASP9,0.0
CALU,0.0
CAMK1D,0.0
CAMK2D,0.0
CAMK2G,0.0
CAMKK2,0.0
CAMKMT,0.0
CAMSAP1,0.0
CAMSAP2,0.0
CAMTA1,0.0
CAND1,0.0
CANT1,0.0
CANX,0.0
CARS,0.0
CAP2,0.0
CAPG,0.0
CAPN1,0.0
CAPN7,0.0
CAPNS1,0.0
CAPRIN1,0.0
CAPRIN2,0.0
CAPZA1,0.0
CAPZA2,0.0
CAPZB,0.0
CARHSP1,0.0
CARM1,0.0
CAP1,0.0
AHCTF1,0.0
AHCY,0.0
AHCYL1,0.0
AHCYL2,0.0
AHDC1,0.0
AHI1,0.0
AHSA1,0.0
AIDA,0.0
AIFM1,0.0
AIG1,0.0
AIMP1,0.0
ATAD1,0.0
AIP,0.0
AK2,0.0
AK3,0.0
AKAP1,0.0
AKAP10,0.0
AKAP11,0.0
AKAP13,0.0
AKAP7,0.0
AKAP8,0.0
AKAP8L,0.0
AKAP9,0.0
AKIP1,0.0
AIMP2,0.0
ADNP2,0.0
ADO,0.0
ADPGK,0.0
ADPRHL2,0.0
ADRM1,0.0
ADSL,0.0
ADSS,0.0
AEBP2,0.0
AEN,0.0
AFF1,0.0
AFF3,0.0
AGTPBP1,0.0
AFG3L2,0.0
AFTPH,0.0
AGA,0.0
AGAP1,0.0
AGBL5,0.0
AGFG1,0.0
AGGF1,0.0
AGK,0.0
AGPAT1,0.0
AGPAT5,0.0
AGPS,0.0
AGRN,0.0
AFF4,0.0
ALG2,0.0
ALG3,0.0
ALG5,0.0
ALG6,0.0
ALG8,0.0
ALG9,0.0
ALKBH1,0.0
ALKBH2,0.0
ALKBH3,0.0
ALKBH4,0.0
ALKBH5,0.0
AKIRIN1,0.0
ALKBH8,0.0
ALMS1,0.0
ALPK1,0.0
ALS2,0.0
ALYREF,0.0
AMACR,0.0
AMBRA1,0.0
AMD1,0.0
AMFR,0.0
AMMECR1,0.0
AMMECR1L,0.0
AMN1,0.0
ALKBH7,0.0
AKIRIN2,0.0
AKNA,0.0
AKR1A1,0.0
AKT1S1,0.0
AKT2,0.0
AKT3,0.0
AKTIP,0.0
ALAD,0.0
ALAS1,0.0
ALCAM,0.0
ALDH16A1,0.0
ALG14,0.0
ALDH1B1,0.0
ALDH3A2,0.0
ALDH4A1,0.0
ALDH5A1,0.0
ALDH6A1,0.0
ALDH7A1,0.0
ALDH9A1,0.0
ALDOA,0.0
ALG1,0.0
ALG11,0.0
ALG12,0.0
ALG13,0.0
ALDH18A1,0.0
ABHD12,0.0
ABHD13,0.0
ABHD16A,0.0
ABHD2,0.0
ABHD4,0.0
ZSCAN12,0.0
ABHD8,0.0
ABI1,0.0
ABI2,0.0
ABL1,0.0
ABL2,0.0
ADK,0.0
ABR,0.0
ABRACL,0.0
ABT1,0.0
ACAA2,0.0
ACACA,0.0
ACAD10,0.0
ACAD11,0.0
ACAD8,0.0
ACAD9,0.0
ACADM,0.0
ACADSB,0.0
ACADVL,0.0
ABLIM1,0.0
AACS,0.0
AAGAB,0.0
AAK1,0.0
AAMP,0.0
AARS,0.0
AARS2,0.0
AARSD1,0.0
AASDH,0.0
AASDHPPT,0.0
AATF,0.0
ABCA5,0.0
ABHD11,0.0
ABCB7,0.0
ABCC1,0.0
ZRANB3,0.0
ABHD5,0.0
ABCD3,0.0
ABCD4,0.0
ABCE1,0.0
ABCF1,0.0
ABCF2,0.0
ABCF3,0.0
ABCG1,0.0
ABHD10,0.0
ABCB6,0.0
ACTR1A,0.0
ACTR2,0.0
ACTR3,0.0
ACTR5,0.0
ACTR6,0.0
ACTR8,0.0
ACY1,0.0
ACYP1,0.0
ADA,0.0
ADAL,0.0
ADAM10,0.0
ACAP2,0.0
ADAM22,0.0
ADAR,0.0
ADARB1,0.0
ADAT1,0.0
ADAT2,0.0
ADCY6,0.0
ADD1,0.0
ADD3,0.0
ADH5,0.0
ADI1,0.0
ADIPOR1,0.0
ADIPOR2,0.0
ADAM17,0.0
ACAT1,0.0
ACAT2,0.0
ACBD3,0.0
ACBD4,0.0
ACBD5,0.0
ACBD6,0.0
ACD,0.0
ACER3,0.0
ACIN1,0.0
ACLY,0.0
ACO1,0.0
ACO2,0.0
ACTR10,0.0
ACOT7,0.0
ACOT8,0.0
ACOT9,0.0
ACOX1,0.0
ACP1,0.0
ACSL3,0.0
ACSL4,0.0
ACTB,0.0
ACTG1,0.0
ACTL6A,0.0
ACTN1,0.0
ACTN4,0.0
ACOT13,0.0
ARHGEF2,0.0
ARHGEF40,0.0
ARHGEF7,0.0
ARID1A,0.0
ARID1B,0.0
ARID2,0.0
ARID3A,0.0
ARID3B,0.0
ARID4A,0.0
ARID4B,0.0
ARIH1,0.0
AMPD2,0.0
ARL1,0.0
ARL13B,0.0
ARL15,0.0
ARL16,0.0
ARL2,0.0
ARL2BP,0.0
ARL3,0.0
ARL5A,0.0
ARL5B,0.0
ARL6,0.0
ARL6IP1,0.0
ARL6IP4,0.0
ARIH2,0.0
ARF5,0.0
ARF6,0.0
ARFGAP1,0.0
ARFGAP2,0.0
ARFGAP3,0.0
ARFGEF1,0.0
ARFGEF2,0.0
ARFIP1,0.0
ARFIP2,0.0
ARFRP1,0.0
ARGLU1,0.0
ARHGEF18,0.0
ARHGAP11A,0.0
ARHGAP12,0.0
ARHGAP17,0.0
ARHGAP19,0.0
ARHGAP21,0.0
ARHGAP23,0.0
ARHGAP26,0.0
ARHGAP32,0.0
ARHGAP35,0.0
ARHGAP5,0.0
ARHGDIA,0.0
ARHGEF12,0.0
ARHGAP1,0.0
ASAH1,0.0
ASAP1,0.0
ASAP2,0.0
ASB1,0.0
ASB3,0.0
ASB6,0.0
ASB7,0.0
ASB8,0.0
ASCC1,0.0
ASCC2,0.0
ASCC3,0.0
ARL6IP5,0.0
ASF1B,0.0
ASH1L,0.0
ASH2L,0.0
ASL,0.0
ASNSD1,0.0
ASPH,0.0
ASPM,0.0
ASPSCR1,0.0
ASS1,0.0
ASTE1,0.0
ASXL1,0.0
ASXL2,0.0
ASF1A,0.0
ARL6IP6,0.0
ARL8A,0.0
ARL8B,0.0
ARMC1,0.0
ARMC10,0.0
ARMC5,0.0
ARMC6,0.0
ARMC8,0.0
ARMC9,0.0
ARMCX3,0.0
ARMCX5,0.0
ARMCX6,0.0
ARV1,0.0
ARPC1A,0.0
ARPC1B,0.0
ARPC2,0.0
ARPC3,0.0
ARPC4,0.0
ARPC5,0.0
ARPC5L,0.0
ARPP19,0.0
ARRB2,0.0
ARRDC3,0.0
ARSB,0.0
ARSK,0.0
ARNT,0.0
ANKRD17,0.0
ANKRD26,0.0
ANKRD27,0.0
ANKRD28,0.0
ANKRD33B,0.0
ANKRD36,0.0
ANKRD39,0.0
ANKRD40,0.0
ANKRD46,0.0
ANKRD49,0.0
ANKRD52,0.0
ARF4,0.0
ANKZF1,0.0
ANLN,0.0
ANO6,0.0
ANP32A,0.0
ANP32B,0.0
ANP32E,0.0
ANTXR2,0.0
ANXA11,0.0
ANXA2,0.0
ANXA4,0.0
ANXA5,0.0
ANXA6,0.0
ANKS3,0.0
AMZ2,0.0
ANAPC1,0.0
ANAPC10,0.0
ANAPC11,0.0
ANAPC13,0.0
ANAPC16,0.0
ANAPC4,0.0
ANAPC5,0.0
ANAPC7,0.0
ANGEL2,0.0
ANGPT2,0.0
ANKRD16,0.0
ANKFY1,0.0
ANKHD1,0.0
ANKIB1,0.0
ANKLE2,0.0
ANKMY2,0.0
ANKRA2,0.0
ANKRD10,0.0
ANKRD11,0.0
ANKRD12,0.0
ANKRD13A,0.0
ANKRD13B,0.0
ANKRD13C,0.0
ANK2,0.0
APC,0.0
APEH,0.0
APEX1,0.0
APEX2,0.0
APH1A,0.0
APH1B,0.0
API5,0.0
APIP,0.0
APLF,0.0
APLP2,0.0
APOO,0.0
ANXA7,0.0
APP,0.0
APPBP2,0.0
APPL1,0.0
APPL2,0.0
APRT,0.0
APTX,0.0
AQR,0.0
ARAF,0.0
ARAP1,0.0
ARCN1,0.0
ARF1,0.0
ARF3,0.0
APOOL,0.0
AP1AR,0.0
AP1B1,0.0
AP1G1,0.0
AP1G2,0.0
AP1M1,0.0
AP1S2,0.0
AP2A1,0.0
AP2A2,0.0
AP2B1,0.0
AP2M1,0.0
AP2S1,0.0
AP3B1,0.0
APBB2,0.0
AP3M1,0.0
AP3S1,0.0
AP3S2,0.0
AP4B1,0.0
AP4E1,0.0
AP4M1,0.0
AP4S1,0.0
AP5B1,0.0
AP5M1,0.0
AP5S1,0.0
AP5Z1,0.0
APAF1,0.0
AP3D1,0.0
DEDD2,0.0
DEF8,0.0
DEGS1,0.0
DEK,0.0
DENND1A,0.0
DENND1B,0.0
DENND4B,0.0
DENND4C,0.0
DENND5A,0.0
DENND5B,0.0
DENR,0.0
CDC25C,0.0
DEPDC5,0.0
DERA,0.0
DERL1,0.0
DERL2,0.0
DFFA,0.0
DFFB,0.0
DGCR2,0.0
DGCR8,0.0
DGKD,0.0
DGKE,0.0
DGKZ,0.0
DGUOK,0.0
DEPDC1B,0.0
DDX23,0.0
DDX24,0.0
DDX27,0.0
DDX28,0.0
DDX31,0.0
DDX39B,0.0
DDX3X,0.0
DDX41,0.0
DDX42,0.0
DDX46,0.0
DDX49,0.0
DEDD,0.0
DDX50,0.0
DDX51,0.0
DDX52,0.0
DDX54,0.0
DDX55,0.0
DDX56,0.0
DDX58,0.0
DDX59,0.0
DDX6,0.0
DEAF1,0.0
DECR1,0.0
DECR2,0.0
DDX5,0.0
DIMT1,0.0
DIP2B,0.0
DIP2C,0.0
DIS3,0.0
DIS3L,0.0
DIS3L2,0.0
DISC1,0.0
DISP1,0.0
DKC1,0.0
DLAT,0.0
DLD,0.0
DHCR7,0.0
DLG3,0.0
DLGAP4,0.0
DLGAP5,0.0
DLST,0.0
DMAP1,0.0
DMTF1,0.0
DMXL1,0.0
DMXL2,0.0
DNA2,0.0
DNAAF2,0.0
DNAJA1,0.0
DNAJA2,0.0
DLG1,0.0
DHDDS,0.0
DHFR,0.0
DHODH,0.0
DHPS,0.0
DHRS1,0.0
DHRS4,0.0
DHRS7,0.0
DHRS7B,0.0
DHTKD1,0.0
DHX15,0.0
DHX16,0.0
DIDO1,0.0
DHX30,0.0
DHX33,0.0
DHX34,0.0
DHX35,0.0
DHX36,0.0
DHX37,0.0
DHX38,0.0
DHX40,0.0
DHX57,0.0
DHX8,0.0
DHX9,0.0
DICER1,0.0
DHX29,0.0
CYB5RL,0.0
CYC1,0.0
CYCS,0.0
CYFIP1,0.0
CYFIP2,0.0
CYHR1,0.0
CYLD,0.0
CYP20A1,0.0
CYTH2,0.0
DAAM1,0.0
DAD1,0.0
DDX21,0.0
DAGLB,0.0
DALRD3,0.0
DAP,0.0
DAP3,0.0
DAPK2,0.0
DAPK3,0.0
DARS,0.0
DARS2,0.0
DAXX,0.0
DAZAP1,0.0
DAZAP2,0.0
DBF4,0.0
DAG1,0.0
CUL2,0.0
CUL3,0.0
CUL4A,0.0
CUL4B,0.0
CUL5,0.0
CUL7,0.0
CUTA,0.0
CUTC,0.0
CUX1,0.0
CWC15,0.0
CWC22,0.0
CYB5R4,0.0
CWC27,0.0
CWF19L1,0.0
CWF19L2,0.0
CXXC1,0.0
CXXC5,0.0
CYB561D1,0.0
CYB561D2,0.0
CYB5A,0.0
CYB5B,0.0
CYB5D2,0.0
CYB5R1,0.0
CYB5R3,0.0
CWC25,0.0
DCTN5,0.0
DCTN6,0.0
DCTPP1,0.0
DCUN1D1,0.0
DCUN1D2,0.0
DCUN1D5,0.0
DCXR,0.0
DDA1,0.0
DDAH2,0.0
DDB1,0.0
DDB2,0.0
DBI,0.0
DDIT3,0.0
DDOST,0.0
DDRGK1,0.0
DDT,0.0
DDX1,0.0
DDX10,0.0
DDX11,0.0
DDX17,0.0
DDX18,0.0
DDX19A,0.0
DDX19B,0.0
DDX20,0.0
DDHD1,0.0
DBNL,0.0
DBR1,0.0
DBT,0.0
DCAF10,0.0
DCAF11,0.0
DCAF12,0.0
DCAF13,0.0
DCAF17,0.0
DCAF4,0.0
DCAF5,0.0
DCAF6,0.0
DCAF7,0.0
DCTN4,0.0
DCAKD,0.0
DCK,0.0
DCLRE1B,0.0
DCLRE1C,0.0
DCP1A,0.0
DCP1B,0.0
DCP2,0.0
DCPS,0.0
DCTD,0.0
DCTN1,0.0
DCTN2,0.0
DCTN3,0.0
DCAF8,0.0
EEA1,0.0
EED,0.0
EEF1A1,0.0
EEF1B2,0.0
EEF1D,0.0
EEF1E1,0.0
EEF1G,0.0
EEF2,0.0
EEF2K,0.0
EFCAB11,0.0
EFCAB2,0.0
DNAJA3,0.0
EFTUD2,0.0
EGLN1,0.0
EGLN2,0.0
EHBP1,0.0
EHD1,0.0
EHMT1,0.0
EHMT2,0.0
EI24,0.0
EID1,0.0
EID2B,0.0
EIF1,0.0
EIF1AD,0.0
EFR3A,0.0
E2F6,0.0
E2F8,0.0
E4F1,0.0
EAF1,0.0
EAPP,0.0
EARS2,0.0
EBAG9,0.0
EBNA1BP2,0.0
EBP,0.0
EBPL,0.0
ECD,0.0
EDF1,0.0
ECH1,0.0
ECHDC1,0.0
ECHS1,0.0
ECI1,0.0
ECI2,0.0
ECSIT,0.0
ECT2,0.0
EDC3,0.0
EDC4,0.0
EDEM1,0.0
EDEM2,0.0
EDEM3,0.0
ECE1,0.0
EIF4A1,0.0
EIF4A2,0.0
EIF4A3,0.0
EIF4B,0.0
EIF4E,0.0
EIF4E2,0.0
EIF4EBP1,0.0
EIF4EBP2,0.0
MTHFS,0.0
EIF4G1,0.0
EIF4G2,0.0
EIF1AX,0.0
EIF4H,0.0
EIF5,0.0
EIF5A,0.0
EIF5B,0.0
EIF6,0.0
ELAC1,0.0
ELAC2,0.0
ELAVL1,0.0
ELF2,0.0
ELK4,0.0
ELL2,0.0
ELMO2,0.0
EIF4G3,0.0
EIF1B,0.0
EIF2A,0.0
EIF2AK1,0.0
EIF2AK2,0.0
EIF2AK3,0.0
EIF2AK4,0.0
EIF2B1,0.0
EIF2B2,0.0
EIF2B3,0.0
EIF2B4,0.0
EIF2B5,0.0
EIF2D,0.0
EIF3M,0.0
EIF2S2,0.0
EIF3A,0.0
EIF3B,0.0
EIF3C,0.0
EIF3D,0.0
EIF3E,0.0
EIF3F,0.0
EIF3G,0.0
EIF3H,0.0
EIF3I,0.0
EIF3K,0.0
EIF3L,0.0
EIF2S1,0.0
DNAJC9,0.0
DNM1L,0.0
DNM2,0.0
DNMT1,0.0
DNMT3A,0.0
DNMT3B,0.0
DNPEP,0.0
DNTTIP1,0.0
DNTTIP2,0.0
DOCK4,0.0
DOCK7,0.0
E2F5,0.0
DOLPP1,0.0
DONSON,0.0
DOT1L,0.0
DPAGT1,0.0
DPF2,0.0
DPH2,0.0
DPH3,0.0
DPH5,0.0
DPM1,0.0
DPM2,0.0
DPM3,0.0
DPP3,0.0
DOCK9,0.0
DNAJB1,0.0
DNAJB11,0.0
DNAJB12,0.0
DNAJB14,0.0
DNAJB4,0.0
DNAJB6,0.0
DNAJB9,0.0
DNAJC1,0.0
DNAJC10,0.0
DNAJC11,0.0
DNAJC13,0.0
DNAJC8,0.0
DNAJC16,0.0
DNAJC17,0.0
DNAJC19,0.0
DNAJC2,0.0
DNAJC21,0.0
DNAJC24,0.0
DNAJC25,0.0
DNAJC27,0.0
DNAJC3,0.0
DNAJC30,0.0
DNAJC5,0.0
DNAJC7,0.0
DNAJC14,0.0
DUS4L,0.0
DUSP11,0.0
DUSP12,0.0
DUSP16,0.0
DUSP19,0.0
DUSP7,0.0
DUT,0.0
DVL2,0.0
DVL3,0.0
DYM,0.0
DYNC1H1,0.0
DPP8,0.0
DYNC1LI1,0.0
DYNC1LI2,0.0
DYNC2LI1,0.0
DYNLL1,0.0
DYNLRB1,0.0
DYNLT3,0.0
DYRK1A,0.0
DZANK1,0.0
DZIP3,0.0
E2F2,0.0
E2F3,0.0
E2F4,0.0
DYNC1I2,0.0
DPP9,0.0
DPY19L1,0.0
DPY19L3,0.0
DPY19L4,0.0
DPY30,0.0
DPYSL2,0.0
DR1,0.0
DRAM2,0.0
DRAP1,0.0
DRG1,0.0
DRG2,0.0
DROSHA,0.0
DUS3L,0.0
DSN1,0.0
DSTN,0.0
DSTYK,0.0
DTL,0.0
DTNB,0.0
DTNBP1,0.0
DTWD1,0.0
DTWD2,0.0
DTX2,0.0
DTX3L,0.0
DTYMK,0.0
DUS1L,0.0
DSCC1,0.0
CHCHD7,0.0
CHD1,0.0
CHD1L,0.0
CHD2,0.0
CHD4,0.0
CHD6,0.0
CHD7,0.0
CHD8,0.0
CHD9,0.0
CHEK1,0.0
CHEK2,0.0
CUL1,0.0
CHFR,0.0
CHIC1,0.0
CHIC2,0.0
CHID1,0.0
CHKA,0.0
CHKB,0.0
CHM,0.0
CHMP1A,0.0
CHMP2A,0.0
CHMP2B,0.0
CHMP3,0.0
CHMP4B,0.0
CHERP,0.0
CEP95,0.0
CEP97,0.0
CEPT1,0.0
CERK,0.0
CERS2,0.0
CERS4,0.0
CERS5,0.0
CERS6,0.0
CETN2,0.0
CETN3,0.0
CFDP1,0.0
CHCHD6,0.0
CFL2,0.0
CFLAR,0.0
CGGBP1,0.0
CGRRF1,0.0
CHAC2,0.0
CHAF1A,0.0
CHAF1B,0.0
CHAMP1,0.0
CHCHD1,0.0
CHCHD2,0.0
CHCHD3,0.0
CHCHD4,0.0
CFL1,0.0
CKAP2,0.0
CKAP2L,0.0
CKAP4,0.0
CKAP5,0.0
CKLF,0.0
CKS1B,0.0
CKS2,0.0
CLASP1,0.0
CLASP2,0.0
CLCC1,0.0
CLCN3,0.0
CHMP5,0.0
CLCN6,0.0
CLDN12,0.0
CLEC16A,0.0
CLEC2D,0.0
CLIC1,0.0
CLIC4,0.0
CLINT1,0.0
CLIP1,0.0
CLK1,0.0
CLK2,0.0
CLK3,0.0
CLK4,0.0
CLCN5,0.0
CHMP6,0.0
CHMP7,0.0
CHORDC1,0.0
CHPT1,0.0
CHRAC1,0.0
CHST10,0.0
CHST12,0.0
CHSY1,0.0
CHTF18,0.0
CHTOP,0.0
CHUK,0.0
CIZ1,0.0
CIAO1,0.0
CIAPIN1,0.0
CIB1,0.0
CIC,0.0
CINP,0.0
CIR1,0.0
CIRBP,0.0
CISD1,0.0
CISD2,0.0
CISD3,0.0
CIT,0.0
CITED2,0.0
CHURC1,0.0
CDK11B,0.0
CDK12,0.0
CDK13,0.0
CDK14,0.0
CDK16,0.0
CDK17,0.0
CDK19,0.0
CDK2,0.0
CDK2AP1,0.0
CDK2AP2,0.0
CDK4,0.0
CEP89,0.0
CDK5RAP1,0.0
CDK5RAP2,0.0
CDK5RAP3,0.0
CDK6,0.0
CDK7,0.0
CDK8,0.0
CDK9,0.0
CDKAL1,0.0
CDKL5,0.0
CDKN2AIP,0.0
CDKN2AIPNL,0.0
CDKN3,0.0
CDK5,0.0
CDC26,0.0
CDC27,0.0
CDC34,0.0
CDC37,0.0
CDC37L1,0.0
CDC40,0.0
CDC42,0.0
CDC42EP3,0.0
CDC42SE1,0.0
CDC42SE2,0.0
CDC45,0.0
CDK10,0.0
CDC6,0.0
CDC7,0.0
CDC73,0.0
CDCA2,0.0
CDCA3,0.0
CDCA4,0.0
CDCA5,0.0
CDCA7,0.0
CDCA7L,0.0
CDCA8,0.0
CDIPT,0.0
CDK1,0.0
CDC5L,0.0
CEP104,0.0
CEP120,0.0
CEP128,0.0
CEP135,0.0
CEP152,0.0
CEP164,0.0
CEP170,0.0
CEP19,0.0
CEP192,0.0
CEP250,0.0
CEP290,0.0
CDR2,0.0
CEP41,0.0
CEP44,0.0
CEP55,0.0
CEP57,0.0
CEP57L1,0.0
CEP63,0.0
CEP68,0.0
CEP70,0.0
CEP76,0.0
CEP78,0.0
CEP85,0.0
CEP85L,0.0
CEP350,0.0
CDS2,0.0
CDT1,0.0
CDV3,0.0
CDYL,0.0
CEBPG,0.0
CEBPZ,0.0
CECR2,0.0
CELF1,0.0
CELF2,0.0
CELSR2,0.0
CENPB,0.0
CENPE,0.0
CENPW,0.0
CENPH,0.0
CENPI,0.0
CENPJ,0.0
CENPK,0.0
CENPL,0.0
CENPM,0.0
CENPN,0.0
CENPO,0.0
CENPP,0.0
CENPQ,0.0
CENPT,0.0
CENPV,0.0
CENPF,0.0
CPT2,0.0
CRADD,0.0
CRBN,0.0
CRCP,0.0
CREB1,0.0
CREB3,0.0
CREB3L2,0.0
CREBBP,0.0
CREBL2,0.0
CREBRF,0.0
CREBZF,0.0
CLN3,0.0
CRELD2,0.0
CREM,0.0
CRIM1,0.0
CRIPT,0.0
CRK,0.0
CRKL,0.0
CRLF3,0.0
CRLS1,0.0
CRNKL1,0.0
CROCC,0.0
CROT,0.0
CRTAP,0.0
CREG1,0.0
COX19,0.0
COX20,0.0
COX4I1,0.0
COX5A,0.0
COX5B,0.0
COX6A1,0.0
COX6B1,0.0
COX6C,0.0
COX7A2,0.0
COX7A2L,0.0
COX7B,0.0
CPSF7,0.0
COX8A,0.0
CPD,0.0
CPEB4,0.0
CPNE2,0.0
CPNE3,0.0
CPOX,0.0
CPPED1,0.0
CPSF1,0.0
CPSF2,0.0
CPSF3,0.0
CPSF4,0.0
CPSF6,0.0
COX7C,0.0
CSTF3,0.0
CTBP1,0.0
CTBP2,0.0
CTBS,0.0
CTC1,0.0
CTCF,0.0
CTDNEP1,0.0
CTDSP2,0.0
CTDSPL,0.0
CTDSPL2,0.0
CTNNA1,0.0
CRTC1,0.0
CTNNBIP1,0.0
CTNNBL1,0.0
CTNND1,0.0
CTNS,0.0
CTR9,0.0
CTSA,0.0
CTSB,0.0
CTSC,0.0
CTSD,0.0
CTSH,0.0
CTU2,0.0
CUEDC2,0.0
CTNNB1,0.0
CRTC2,0.0
CRY1,0.0
CRYZ,0.0
CRYZL1,0.0
CS,0.0
CSAD,0.0
CSDE1,0.0
CSE1L,0.0
CSNK1A1,0.0
CSNK1D,0.0
CSNK1E,0.0
CSNK1G1,0.0
CSTF2T,0.0
CSNK1G3,0.0
CSNK2A1,0.0
CSNK2A2,0.0
CSNK2B,0.0
CSPP1,0.0
CSRNP2,0.0
CSRP1,0.0
CSRP2,0.0
CST3,0.0
CSTB,0.0
CSTF1,0.0
CSTF2,0.0
CSNK1G2,0.0
CNDP2,0.0
CNEP1R1,0.0
CNIH4,0.0
CNN2,0.0
CNNM2,0.0
CNNM3,0.0
CNOT1,0.0
CNOT10,0.0
CNOT2,0.0
CNOT4,0.0
CNOT6,0.0
COX18,0.0
CNOT7,0.0
CNOT8,0.0
CNP,0.0
CNPPD1,0.0
CNPY2,0.0
CNPY3,0.0
CNST,0.0
CNTLN,0.0
CNTRL,0.0
CNTROB,0.0
COA5,0.0
COASY,0.0
CNOT6L,0.0
CLN5,0.0
CLN6,0.0
CLN8,0.0
CLNS1A,0.0
CLOCK,0.0
CLP1,0.0
CLPP,0.0
CLPTM1,0.0
CLPTM1L,0.0
CLPX,0.0
CLSPN,0.0
CNBP,0.0
CLTA,0.0
CLTC,0.0
CLUAP1,0.0
CLYBL,0.0
CMAS,0.0
CMC1,0.0
CMC2,0.0
CMIP,0.0
CMPK1,0.0
CMTM3,0.0
CMTM6,0.0
CMTM7,0.0
CLSTN1,0.0
COPS4,0.0
COPS5,0.0
COPS6,0.0
COPS7A,0.0
COPS7B,0.0
COPS8,0.0
COPZ1,0.0
COQ10B,0.0
COQ2,0.0
COQ3,0.0
COQ4,0.0
COG1,0.0
COQ6,0.0
COQ7,0.0
COQ9,0.0
CORO1B,0.0
CORO1C,0.0
COTL1,0.0
COX10,0.0
COX11,0.0
COX14,0.0
COX15,0.0
COX16,0.0
COX17,0.0
COQ5,0.0
COG2,0.0
COG3,0.0
COG4,0.0
COG5,0.0
COG6,0.0
COG7,0.0
COG8,0.0
COIL,0.0
COMMD1,0.0
COMMD10,0.0
COMMD2,0.0
COMMD4,0.0
COPS3,0.0
COMMD6,0.0
COMMD7,0.0
COMMD8,0.0
COMMD9,0.0
COMT,0.0
COPA,0.0
COPB1,0.0
COPB2,0.0
COPE,0.0
COPG1,0.0
COPG2,0.0
COPS2,0.0
COMMD5,0.0
SUCLG1,0.0
SUCLG2,0.0
SUDS3,0.0
SUGP1,0.0
SUGP2,0.0
SUGT1,0.0
SUMF1,0.0
SUMF2,0.0
SUMO1,0.0
SUMO2,0.0
SUMO3,0.0
MTR,0.0
SUPT7L,0.0
SUPV3L1,0.0
SURF1,0.0
SURF2,0.0
SURF4,0.0
SURF6,0.0
SUV39H1,0.0
SUV39H2,0.0
SUZ12,0.0
SVIL,0.0
SVIP,0.0
SWAP70,0.0
SUN1,0.0
STRADB,0.0
STRAP,0.0
STRBP,0.0
STRN,0.0
STRN3,0.0
STRN4,0.0
STT3A,0.0
STT3B,0.0
STUB1,0.0
STX12,0.0
STX16,0.0
SUCLA2,0.0
STX18,0.0
STX2,0.0
STX3,0.0
STX6,0.0
STX7,0.0
STX8,0.0
STXBP1,0.0
STXBP2,0.0
STXBP4,0.0
STXBP5,0.0
STYX,0.0
SUB1,0.0
STX17,0.0
TAF1,0.0
TAF10,0.0
TAF11,0.0
TAF12,0.0
TAF13,0.0
TAF15,0.0
TAF1A,0.0
TAF1B,0.0
TAF1C,0.0
TAF1D,0.0
TAF2,0.0
SWI5,0.0
TAF5,0.0
TAF5L,0.0
TAF6,0.0
TAF7,0.0
TAF8,0.0
TAF9B,0.0
TALDO1,0.0
TAMM41,0.0
TANC1,0.0
TANK,0.0
TAOK1,0.0
TAOK2,0.0
TAF3,0.0
SWSAP1,0.0
SWT1,0.0
SYAP1,0.0
SYF2,0.0
SYMPK,0.0
SYNCRIP,0.0
SYNE2,0.0
SYNGAP1,0.0
SYNGR1,0.0
SYNGR2,0.0
SYNJ2,0.0
TADA3,0.0
SYNRG,0.0
SYS1,0.0
SYT1,0.0
SYVN1,0.0
TAB1,0.0
TAB2,0.0
TAB3,0.0
TACC1,0.0
TACC3,0.0
TADA1,0.0
TADA2A,0.0
TADA2B,0.0
SYNJ2BP,0.0
SRPK1,0.0
SRPK2,0.0
SRPRB,0.0
SRRD,0.0
SRRM1,0.0
SRRM2,0.0
SRRT,0.0
SRSF1,0.0
SRSF10,0.0
SRSF11,0.0
SRSF2,0.0
STRADA,0.0
SRSF4,0.0
SRSF5,0.0
SRSF6,0.0
SRSF7,0.0
SRSF9,0.0
SS18,0.0
SS18L1,0.0
SSB,0.0
SSBP1,0.0
SSBP2,0.0
SSBP3,0.0
SSH1,0.0
SRSF3,0.0
SPTBN1,0.0
SPTLC1,0.0
SPTLC2,0.0
SPTSSA,0.0
SPTY2D1,0.0
SQLE,0.0
SQSTM1,0.0
SRA1,0.0
SRBD1,0.0
SRCAP,0.0
SRD5A3,0.0
SRP9,0.0
SREBF2,0.0
SREK1,0.0
SREK1IP1,0.0
SRF,0.0
SRFBP1,0.0
SRGAP2,0.0
SRI,0.0
SRM,0.0
SRP14,0.0
SRP19,0.0
SRP68,0.0
SRP72,0.0
SREBF1,0.0
STAT2,0.0
STAT3,0.0
STAT5B,0.0
STAT6,0.0
STAU1,0.0
STAU2,0.0
STIL,0.0
STIM2,0.0
STIP1,0.0
STK10,0.0
STK11,0.0
SSH2,0.0
STK17B,0.0
STK19,0.0
STK24,0.0
STK25,0.0
STK3,0.0
STK35,0.0
STK38,0.0
STK38L,0.0
STK4,0.0
STK40,0.0
STMN1,0.0
STOML2,0.0
STK11IP,0.0
SSNA1,0.0
SSR1,0.0
SSR2,0.0
SSR3,0.0
SSR4,0.0
SSRP1,0.0
SSU72,0.0
SSX2IP,0.0
ST13,0.0
ST3GAL1,0.0
ST3GAL2,0.0
ST6GALNAC3,0.0
STAT1,0.0
ST6GALNAC6,0.0
ST7,0.0
ST7L,0.0
STAG1,0.0
STAG2,0.0
STAM,0.0
STAM2,0.0
STAMBP,0.0
STARD3,0.0
STARD3NL,0.0
STARD4,0.0
STARD7,0.0
ST6GALNAC4,0.0
TIMM10,0.0
TIMM13,0.0
TIMM17A,0.0
TIMM17B,0.0
TIMM21,0.0
TIMM22,0.0
TIMM23,0.0
TIMM44,0.0
TIMM50,0.0
TIMM8B,0.0
TIMM9,0.0
TAOK3,0.0
TIMP2,0.0
TINF2,0.0
TIPIN,0.0
TIPRL,0.0
TIRAP,0.0
TJAP1,0.0
TJP2,0.0
TK1,0.0
TKT,0.0
TLE1,0.0
TLK1,0.0
TLK2,0.0
TIMMDC1,0.0
TGS1,0.0
THADA,0.0
THAP1,0.0
THAP11,0.0
THAP2,0.0
THAP3,0.0
THAP4,0.0
THAP7,0.0
THG1L,0.0
THOC1,0.0
THOC2,0.0
TIMELESS,0.0
THOC5,0.0
THOC6,0.0
THOC7,0.0
THOP1,0.0
THRAP3,0.0
THUMPD1,0.0
THUMPD2,0.0
THUMPD3,0.0
THYN1,0.0
TIA1,0.0
TIAL1,0.0
TIAM1,0.0
THOC3,0.0
TMEM104,0.0
TMEM106B,0.0
TMEM106C,0.0
TMEM107,0.0
TMEM109,0.0
TMEM11,0.0
TMEM120B,0.0
TMEM123,0.0
TMEM126A,0.0
TMEM126B,0.0
TMEM127,0.0
TLN1,0.0
TMEM131,0.0
TMEM134,0.0
TMEM135,0.0
TMEM138,0.0
TMEM141,0.0
TMEM147,0.0
TMEM14C,0.0
TMEM159,0.0
TMEM160,0.0
TMEM161A,0.0
TMEM161B,0.0
TMEM165,0.0
TMEM128,0.0
TM2D1,0.0
TM2D2,0.0
TM2D3,0.0
TM7SF2,0.0
TM7SF3,0.0
TM9SF1,0.0
TM9SF2,0.0
TM9SF3,0.0
TM9SF4,0.0
TMA16,0.0
TMBIM4,0.0
TMBIM6,0.0
TMEM101,0.0
TMCC1,0.0
TMCO1,0.0
TMCO3,0.0
TMCO6,0.0
TMED1,0.0
TMED10,0.0
TMED2,0.0
TMED3,0.0
TMED4,0.0
TMED5,0.0
TMED7,0.0
TMED9,0.0
TMC6,0.0
TBC1D7,0.0
TBC1D8,0.0
TBC1D9B,0.0
TBCA,0.0
TBCB,0.0
TBCC,0.0
TBCCD1,0.0
TBCD,0.0
TBCE,0.0
TBCEL,0.0
TBCK,0.0
TGIF1,0.0
TBL1X,0.0
TBL1XR1,0.0
TBL3,0.0
TBP,0.0
TBPL1,0.0
TBRG1,0.0
TBRG4,0.0
TBXA2R,0.0
TCEA1,0.0
TCEAL3,0.0
TCEAL8,0.0
TCEANC2,0.0
TBK1,0.0
TAPBP,0.0
TARBP2,0.0
TARDBP,0.0
TARS,0.0
TARS2,0.0
TARSL2,0.0
TASP1,0.0
TATDN1,0.0
TATDN2,0.0
TATDN3,0.0
TAX1BP1,0.0
TBC1D5,0.0
TBC1D1,0.0
TBC1D13,0.0
TBC1D14,0.0
TBC1D15,0.0
TBC1D17,0.0
TBC1D20,0.0
TBC1D22A,0.0
TBC1D22B,0.0
TBC1D23,0.0
TBC1D24,0.0
TBC1D2B,0.0
TBC1D4,0.0
TAX1BP3,0.0
TERF2IP,0.0
TET1,0.0
TET2,0.0
TET3,0.0
TEX10,0.0
TEX2,0.0
TEX261,0.0
TEX264,0.0
TEX30,0.0
TEX9,0.0
TFAM,0.0
TCERG1,0.0
TFB1M,0.0
TFDP1,0.0
TFDP2,0.0
TFE3,0.0
TFG,0.0
TFIP11,0.0
TFPI,0.0
TFRC,0.0
TGDS,0.0
TGFBR1,0.0
TGFBR2,0.0
TGFBRAP1,0.0
TFAP4,0.0
TCF12,0.0
TCF19,0.0
TCF20,0.0
TCF25,0.0
TCF3,0.0
TCF4,0.0
TCF7L2,0.0
TCHP,0.0
TCOF1,0.0
TCP1,0.0
TCP11L1,0.0
TCTEX1D2,0.0
TERF2,0.0
TCTN3,0.0
TDG,0.0
TDP1,0.0
TDP2,0.0
TDRD3,0.0
TEAD4,0.0
TECPR2,0.0
TECR,0.0
TEFM,0.0
TEN1,0.0
TEP1,0.0
TERF1,0.0
TCTN1,0.0
SLC12A2,0.0
SLC12A6,0.0
SLC12A9,0.0
SLC15A4,0.0
SLC16A1,0.0
SLC16A2,0.0
SLC16A4,0.0
SLC17A5,0.0
SLC18B1,0.0
SLC19A1,0.0
SLC1A5,0.0
SPTAN1,0.0
SLC20A2,0.0
SLC22A23,0.0
SLC23A2,0.0
SLC24A1,0.0
SLC25A1,0.0
SLC25A11,0.0
SLC25A12,0.0
SLC25A13,0.0
SLC25A14,0.0
SLC25A15,0.0
SLC25A16,0.0
SLC25A17,0.0
SLC20A1,0.0
SIAE,0.0
SIAH2,0.0
SIGIRR,0.0
SIGMAR1,0.0
SIK2,0.0
SIK3,0.0
SIKE1,0.0
SIN3A,0.0
SIN3B,0.0
SIPA1L1,0.0
SIPA1L3,0.0
SLC11A2,0.0
SIRT3,0.0
SIRT5,0.0
SIVA1,0.0
SKA1,0.0
SKA2,0.0
SKA3,0.0
SKI,0.0
SKIL,0.0
SKIV2L,0.0
SKP2,0.0
SLAIN2,0.0
SLBP,0.0
SIRT1,0.0
SLC2A1,0.0
SLC2A3,0.0
SLC2A8,0.0
SLC30A1,0.0
SLC30A5,0.0
SLC30A6,0.0
SLC30A7,0.0
SLC30A9,0.0
SLC31A1,0.0
SLC33A1,0.0
SLC35A1,0.0
SLC25A19,0.0
SLC35A3,0.0
SLC35A4,0.0
SLC35A5,0.0
SLC35B1,0.0
SLC35B2,0.0
SLC35B3,0.0
SLC35B4,0.0
SLC35C2,0.0
SLC35D1,0.0
SLC35E1,0.0
SLC35E3,0.0
SLC35F2,0.0
SLC35A2,0.0
SLC25A22,0.0
SLC25A23,0.0
SLC25A24,0.0
SLC25A25,0.0
SLC25A26,0.0
SLC25A3,0.0
SLC25A32,0.0
SLC25A33,0.0
SLC25A36,0.0
SLC25A37,0.0
SLC25A38,0.0
SLC29A3,0.0
SLC25A4,0.0
SLC25A40,0.0
SLC25A43,0.0
SLC25A44,0.0
SLC25A45,0.0
SLC25A46,0.0
SLC25A5,0.0
SLC26A2,0.0
SLC27A1,0.0
SLC27A3,0.0
SLC27A5,0.0
SLC29A1,0.0
SLC25A39,0.0
SEMA6A,0.0
SENP1,0.0
SENP2,0.0
SENP5,0.0
SENP6,0.0
SENP7,0.0
SEPHS1,0.0
SEPHS2,0.0
SEPSECS,0.0
SERBP1,0.0
SERF2,0.0
SHROOM3,0.0
SERINC1,0.0
SERINC3,0.0
SERINC5,0.0
SERP1,0.0
SESTD1,0.0
SET,0.0
SETD1A,0.0
SETD1B,0.0
SETD2,0.0
SETD3,0.0
SETD4,0.0
SETD5,0.0
SERGEF,0.0
SEC14L1,0.0
SEC16A,0.0
SEC22A,0.0
SEC22B,0.0
SEC22C,0.0
SEC23A,0.0
SEC23B,0.0
SEC23IP,0.0
SEC24A,0.0
SEC24B,0.0
SEC24C,0.0
SEMA4D,0.0
SEC31A,0.0
SEC61A1,0.0
SEC61A2,0.0
SEC61B,0.0
SEC61G,0.0
SEC62,0.0
SEC63,0.0
SECISBP2,0.0
SECISBP2L,0.0
SEH1L,0.0
SEL1L,0.0
SEMA4B,0.0
SEC24D,0.0
SGMS1,0.0
SGPL1,0.0
SGSM2,0.0
SGTA,0.0
SH2B1,0.0
SH2B3,0.0
SH3BGRL,0.0
SH3BGRL3,0.0
SH3D19,0.0
SH3GL1,0.0
SH3GLB1,0.0
SETDB1,0.0
SH3RF1,0.0
SHARPIN,0.0
SHC1,0.0
SHCBP1,0.0
SHISA5,0.0
SHKBP1,0.0
SHMT1,0.0
SHMT2,0.0
SHOC2,0.0
SHPK,0.0
SHPRH,0.0
SHQ1,0.0
SH3KBP1,0.0
SETDB2,0.0
SETMAR,0.0
SETX,0.0
SF1,0.0
SF3A1,0.0
SF3A3,0.0
SF3B1,0.0
SF3B2,0.0
SF3B3,0.0
SF3B4,0.0
SF3B5,0.0
SFI1,0.0
SGK3,0.0
SFMBT2,0.0
SFPQ,0.0
SFR1,0.0
SFSWAP,0.0
SFT2D1,0.0
SFT2D2,0.0
SFXN1,0.0
SFXN2,0.0
SFXN3,0.0
SFXN4,0.0
SFXN5,0.0
SGCE,0.0
SFMBT1,0.0
SNX11,0.0
SNX12,0.0
SNX13,0.0
SNX14,0.0
SNX15,0.0
SNX16,0.0
SNX17,0.0
SNX18,0.0
SNX19,0.0
SNX2,0.0
SNX24,0.0
SLC35F5,0.0
SNX3,0.0
SNX30,0.0
SNX4,0.0
SNX5,0.0
SNX6,0.0
SNX8,0.0
SNX9,0.0
SOAT1,0.0
SOCS4,0.0
SOCS5,0.0
SOCS6,0.0
SOCS7,0.0
SNX27,0.0
SNIP1,0.0
SNN,0.0
SNRK,0.0
SNRNP200,0.0
SNRNP25,0.0
SNRNP27,0.0
SNRNP35,0.0
SNRNP40,0.0
SNRNP48,0.0
SNRNP70,0.0
SNRPA,0.0
SNX1,0.0
SNRPB,0.0
SNRPB2,0.0
SNRPC,0.0
SNRPD1,0.0
SNRPD2,0.0
SNRPD3,0.0
SNRPE,0.0
SNRPF,0.0
SNRPG,0.0
SNTB2,0.0
SNUPN,0.0
SNW1,0.0
SNRPA1,0.0
SPCS1,0.0
SPCS2,0.0
SPCS3,0.0
SPECC1,0.0
SPECC1L,0.0
SPEN,0.0
SPG11,0.0
SPG21,0.0
SPG7,0.0
SPHK2,0.0
SPICE1,0.0
SOD1,0.0
SPIRE1,0.0
SPNS1,0.0
SPOP,0.0
SPOPL,0.0
SPPL2A,0.0
SPPL2B,0.0
SPPL3,0.0
SPRED2,0.0
SPRY2,0.0
SPRYD4,0.0
SPRYD7,0.0
SPSB3,0.0
SPIN1,0.0
SOD2,0.0
SOGA1,0.0
SON,0.0
SORBS1,0.0
SORBS3,0.0
SORL1,0.0
SORT1,0.0
SOS1,0.0
SOS2,0.0
SOX12,0.0
SOX4,0.0
SP1,0.0
SPC25,0.0
SP110,0.0
SP2,0.0
SP3,0.0
SP4,0.0
SPAG5,0.0
SPAG7,0.0
SPAG9,0.0
SPAST,0.0
SPATA13,0.0
SPATA5,0.0
SPATA6,0.0
SPC24,0.0
SP100,0.0
SLC4A2,0.0
SLC4A7,0.0
SLC50A1,0.0
SLC52A2,0.0
SLC5A3,0.0
SLC5A6,0.0
SLC6A6,0.0
SLC7A1,0.0
SLC7A11,0.0
SLC7A5,0.0
SLC7A6,0.0
SNF8,0.0
SLC9A1,0.0
SLC9A3R1,0.0
SLC9A6,0.0
SLC9A8,0.0
SLIRP,0.0
SLK,0.0
SLMAP,0.0
SLTM,0.0
SLU7,0.0
SLX4,0.0
SMAD1,0.0
SMAD2,0.0
SLC7A6OS,0.0
SLC37A1,0.0
SLC37A4,0.0
SLC38A1,0.0
SLC38A10,0.0
SLC38A2,0.0
SLC38A7,0.0
SLC38A9,0.0
SLC39A1,0.0
SLC39A10,0.0
SLC39A11,0.0
SLC39A14,0.0
SLC4A1AP,0.0
SLC39A6,0.0
SLC39A7,0.0
SLC39A8,0.0
SLC39A9,0.0
SLC3A2,0.0
SLC41A2,0.0
SLC41A3,0.0
SLC43A1,0.0
SLC43A3,0.0
SLC44A1,0.0
SLC44A2,0.0
SLC48A1,0.0
SLC39A3,0.0
SMG7,0.0
SMG8,0.0
SMG9,0.0
SMN1,0.0
SMNDC1,0.0
SMO,0.0
SMPD4,0.0
SMS,0.0
SMU1,0.0
SMUG1,0.0
SMURF1,0.0
SMAD3,0.0
SMYD3,0.0
SMYD4,0.0
SMYD5,0.0
SNAP23,0.0
SNAP29,0.0
SNAP47,0.0
SNAPC1,0.0
SNAPC3,0.0
SNAPC4,0.0
SNAPC5,0.0
SNAPIN,0.0
SND1,0.0
SMURF2,0.0
SMAD4,0.0
SMAD5,0.0
SMAD7,0.0
SMAP1,0.0
SMARCA2,0.0
SMARCA4,0.0
SMARCA5,0.0
SMARCAD1,0.0
SMARCAL1,0.0
SMARCB1,0.0
SMARCC1,0.0
SMARCC2,0.0
SMG6,0.0
SMARCD2,0.0
SMARCE1,0.0
SMC1A,0.0
SMC2,0.0
SMC3,0.0
SMC4,0.0
SMC5,0.0
SMC6,0.0
SMCHD1,0.0
SMCR8,0.0
SMG1,0.0
SMG5,0.0
SMARCD1,0.0
VPS53,0.0
VPS54,0.0
VPS72,0.0
VPS8,0.0
VRK1,0.0
VRK2,0.0
VRK3,0.0
VSIG10,0.0
VTA1,0.0
VTI1A,0.0
VTI1B,0.0
TMEM167B,0.0
WARS,0.0
WARS2,0.0
WASF2,0.0
WASL,0.0
WBP1,0.0
WBP11,0.0
WBP2,0.0
WBP4,0.0
WDFY1,0.0
WDFY3,0.0
WDHD1,0.0
WDPCP,0.0
WAC,0.0
VKORC1L1,0.0
VMA21,0.0
VMP1,0.0
VOPP1,0.0
VPS11,0.0
VPS13A,0.0
VPS13B,0.0
VPS13C,0.0
VPS13D,0.0
VPS16,0.0
VPS18,0.0
VPS52,0.0
VPS26B,0.0
VPS29,0.0
VPS33A,0.0
VPS33B,0.0
VPS35,0.0
VPS36,0.0
VPS37A,0.0
VPS39,0.0
VPS41,0.0
VPS45,0.0
VPS4A,0.0
VPS4B,0.0
VPS26A,0.0
WDR6,0.0
WDR60,0.0
WDR61,0.0
WDR62,0.0
WDR7,0.0
WDR70,0.0
WDR73,0.0
WDR74,0.0
WDR75,0.0
WDR76,0.0
WDR77,0.0
WDR1,0.0
WDR83,0.0
WDR83OS,0.0
WDR89,0.0
WDR91,0.0
WDR92,0.0
WDSUB1,0.0
WDYHV1,0.0
WEE1,0.0
WHAMM,0.0
WIPF2,0.0
WIPI2,0.0
WIZ,0.0
WDR82,0.0
WDR11,0.0
WDR12,0.0
WDR18,0.0
WDR19,0.0
WDR20,0.0
WDR25,0.0
WDR26,0.0
WDR3,0.0
WDR31,0.0
WDR33,0.0
WDR34,0.0
WDR5B,0.0
WDR37,0.0
WDR4,0.0
WDR41,0.0
WDR43,0.0
WDR44,0.0
WDR45,0.0
WDR46,0.0
WDR48,0.0
WDR5,0.0
WDR53,0.0
WDR55,0.0
WDR59,0.0
WDR36,0.0
USE1,0.0
USF2,0.0
USO1,0.0
USP1,0.0
USP10,0.0
USP11,0.0
USP12,0.0
USP14,0.0
USP15,0.0
USP16,0.0
USP22,0.0
VKORC1,0.0
USP25,0.0
USP28,0.0
USP3,0.0
USP31,0.0
USP32,0.0
USP33,0.0
USP34,0.0
USP36,0.0
USP37,0.0
USP38,0.0
USP39,0.0
USP4,0.0
USP24,0.0
UNC119B,0.0
UNC45A,0.0
UNC50,0.0
UNG,0.0
UNK,0.0
UNKL,0.0
UPF1,0.0
UPF2,0.0
UPF3A,0.0
UPF3B,0.0
UPRT,0.0
UROS,0.0
UQCR11,0.0
UQCRB,0.0
UQCRC1,0.0
UQCRC2,0.0
UQCRFS1,0.0
UQCRH,0.0
UQCRQ,0.0
URB1,0.0
URB2,0.0
URI1,0.0
URM1,0.0
UROD,0.0
UQCR10,0.0
VAMP2,0.0
VAMP3,0.0
VAMP4,0.0
VAMP7,0.0
VANGL2,0.0
VAPA,0.0
VAPB,0.0
VARS,0.0
VASH2,0.0
VASP,0.0
VAT1,0.0
USP42,0.0
VBP1,0.0
VCL,0.0
VCP,0.0
VCPIP1,0.0
VDAC1,0.0
VDAC2,0.0
VDAC3,0.0
VEZF1,0.0
VEZT,0.0
VGLL4,0.0
VHL,0.0
VIM,0.0
VAV2,0.0
USP45,0.0
USP46,0.0
USP47,0.0
USP48,0.0
USP49,0.0
USP5,0.0
USP53,0.0
USP54,0.0
USP6NL,0.0
USP7,0.0
USP8,0.0
USP9X,0.0
VAC14,0.0
UST,0.0
UTP14A,0.0
UTP15,0.0
UTP18,0.0
UTP20,0.0
UTP23,0.0
UTP3,0.0
UTP6,0.0
UTRN,0.0
UVRAG,0.0
UXS1,0.0
UXT,0.0
USPL1,0.0
ZDHHC7,0.0
ZDHHC8,0.0
ZDHHC9,0.0
ZER1,0.0
ZFAND1,0.0
ZFAND2A,0.0
ZFAND3,0.0
ZFAND4,0.0
ZFAND5,0.0
ZFAND6,0.0
ZFAT,0.0
WNK1,0.0
ZFHX2,0.0
ZFHX3,0.0
ZFP1,0.0
ZFP30,0.0
ZFP36L1,0.0
ZFP36L2,0.0
ZFP62,0.0
ZFP64,0.0
ZFP91,0.0
ZFPL1,0.0
ZFR,0.0
ZFX,0.0
ZFC3H1,0.0
ZC3H8,0.0
ZC3HAV1,0.0
ZC3HAV1L,0.0
ZC3HC1,0.0
ZC4H2,0.0
ZCCHC10,0.0
ZCCHC14,0.0
ZCCHC17,0.0
ZCCHC2,0.0
ZCCHC3,0.0
ZCCHC4,0.0
ZDHHC6,0.0
ZCCHC8,0.0
ZCCHC9,0.0
ZCRB1,0.0
ZDHHC12,0.0
ZDHHC13,0.0
ZDHHC16,0.0
ZDHHC17,0.0
ZDHHC18,0.0
ZDHHC20,0.0
ZDHHC3,0.0
ZDHHC4,0.0
ZDHHC5,0.0
ZCCHC7,0.0
ZNHIT1,0.0
ZNHIT3,0.0
ZNHIT6,0.0
ZNRD1,0.0
ZNRF1,0.0
ZNRF2,0.0
ZNRF3,0.0
ZRANB1,0.0
ZMYM3,0.0
ZSCAN21,0.0
ZSCAN29,0.0
ZFYVE1,0.0
ZSWIM6,0.0
ZSWIM7,0.0
ZW10,0.0
ZWILCH,0.0
ZWINT,0.0
ZXDC,0.0
ZYG11B,0.0
ZYX,0.0
ZZEF1,0.0
AAAS,0.0
ZRANB2,0.0
ABCC5,0.0
ZSWIM4,0.0
ZFYVE16,0.0
ZFYVE21,0.0
ZFYVE26,0.0
ZFYVE27,0.0
ZFYVE9,0.0
ZHX2,0.0
ZHX3,0.0
ZIK1,0.0
ZKSCAN1,0.0
ZKSCAN3,0.0
ZKSCAN5,0.0
ZMAT2,0.0
ZNFX1,0.0
ZMAT5,0.0
ZMIZ1,0.0
ZMIZ2,0.0
ZMPSTE24,0.0
ZMYM1,0.0
ZMYM2,0.0
ZRSR2,0.0
ZMYM4,0.0
ZMYM5,0.0
ZMYM6,0.0
ZMYND11,0.0
ZMYND8,0.0
ZMAT3,0.0
XRCC2,0.0
XRCC4,0.0
XRCC5,0.0
XRCC6,0.0
XRN1,0.0
XRN2,0.0
XYLT2,0.0
YAF2,0.0
YARS,0.0
YARS2,0.0
YBEY,0.0
ZC3H7B,0.0
YDJC,0.0
YEATS2,0.0
YEATS4,0.0
YES1,0.0
YIF1A,0.0
YIF1B,0.0
YIPF1,0.0
YIPF2,0.0
YIPF3,0.0
YIPF4,0.0
YIPF5,0.0
YIPF6,0.0
YBX1,0.0
WRAP53,0.0
WRAP73,0.0
WRN,0.0
WRNIP1,0.0
WSB1,0.0
WSB2,0.0
WTAP,0.0
WWOX,0.0
WWP1,0.0
WWP2,0.0
XAB2,0.0
XRCC1,0.0
XIAP,0.0
XPA,0.0
XPC,0.0
XPNPEP1,0.0
XPNPEP3,0.0
XPO1,0.0
XPO4,0.0
XPO5,0.0
XPO6,0.0
XPO7,0.0
XPOT,0.0
XPR1,0.0
XBP1,0.0
ZBTB2,0.0
ZBTB24,0.0
ZBTB33,0.0
ZBTB34,0.0
ZBTB39,0.0
ZBTB4,0.0
ZBTB40,0.0
ZBTB41,0.0
ZBTB43,0.0
ZBTB44,0.0
ZBTB48,0.0
YKT6,0.0
ZBTB5,0.0
ZBTB6,0.0
ZBTB7A,0.0
ZBTB8A,0.0
ZBTB8OS,0.0
ZC3H12B,0.0
ZC3H13,0.0
ZC3H14,0.0
ZC3H15,0.0
ZC3H18,0.0
ZC3H4,0.0
ZC3H7A,0.0
ZBTB49,0.0
YLPM1,0.0
YME1L1,0.0
YOD1,0.0
YPEL1,0.0
YPEL3,0.0
YPEL5,0.0
YRDC,0.0
YTHDC1,0.0
YTHDC2,0.0
YTHDF1,0.0
YTHDF2,0.0
YTHDF3,0.0
ZBTB17,0.0
YWHAE,0.0
YWHAG,0.0
YWHAH,0.0
YWHAQ,0.0
YWHAZ,0.0
YY1,0.0
ZADH2,0.0
ZBED4,0.0
ZBED5,0.0
ZBTB1,0.0
ZBTB10,0.0
ZBTB11,0.0
YWHAB,0.0
TRAFD1,0.0
TRAIP,0.0
TRAK1,0.0
TRAK2,0.0
TRAM1,0.0
TRAM2,0.0
TRAP1,0.0
TRAPPC1,0.0
TRAPPC10,0.0
TRAPPC11,0.0
TRAPPC12,0.0
UNC119,0.0
TRAPPC2L,0.0
TRAPPC3,0.0
TRAPPC4,0.0
TRAPPC5,0.0
TRAPPC6A,0.0
TRAPPC6B,0.0
TRAPPC8,0.0
TRDMT1,0.0
TRERF1,0.0
TRIAP1,0.0
TRIB1,0.0
TRIM11,0.0
TRAPPC2,0.0
TPD52L2,0.0
TPGS2,0.0
TPI1,0.0
TPM1,0.0
TPM3,0.0
TPM4,0.0
TPMT,0.0
TPP1,0.0
TPP2,0.0
TPR,0.0
TPRKB,0.0
TRAF7,0.0
TPST2,0.0
TPT1,0.0
TPX2,0.0
TRA2A,0.0
TRA2B,0.0
TRABD,0.0
TRAF2,0.0
TRAF3IP1,0.0
TRAF3IP2,0.0
TRAF4,0.0
TRAF5,0.0
TRAF6,0.0
TPST1,0.0
TRIP13,0.0
TRIP4,0.0
TRIP6,0.0
TRIT1,0.0
TRMT1,0.0
TRMT11,0.0
TRMT112,0.0
TRMT1L,0.0
TRMT2B,0.0
TRMT5,0.0
TRMT6,0.0
TRIM13,0.0
TRMU,0.0
TRNAU1AP,0.0
TRNT1,0.0
TROAP,0.0
TRPC4AP,0.0
TRPM7,0.0
TRRAP,0.0
TRUB1,0.0
TRUB2,0.0
TSC1,0.0
TSC2,0.0
TSC22D1,0.0
TRMT61B,0.0
TRIM14,0.0
TRIM16,0.0
TRIM2,0.0
TRIM23,0.0
TRIM24,0.0
TRIM25,0.0
TRIM26,0.0
TRIM27,0.0
TRIM28,0.0
TRIM32,0.0
TRIM33,0.0
TRIP12,0.0
TRIM37,0.0
TRIM39,0.0
TRIM44,0.0
TRIM5,0.0
TRIM56,0.0
TRIM59,0.0
TRIM65,0.0
TRIM7,0.0
TRIM8,0.0
TRIO,0.0
TRIOBP,0.0
TRIP11,0.0
TRIM35,0.0
TMEM30A,0.0
TMEM33,0.0
TMEM38B,0.0
TMEM39A,0.0
TMEM39B,0.0
TMEM41A,0.0
TMEM41B,0.0
TMEM43,0.0
TMEM50A,0.0
TMEM50B,0.0
TMEM59,0.0
TPCN1,0.0
TMEM63A,0.0
TMEM63B,0.0
TMEM64,0.0
TMEM67,0.0
TMEM68,0.0
TMEM69,0.0
TMEM70,0.0
TMEM87A,0.0
TMEM87B,0.0
TMEM9,0.0
TMEM97,0.0
TMEM9B,0.0
TMEM60,0.0
TMEM168,0.0
TMEM170B,0.0
TMEM177,0.0
TMEM18,0.0
TMEM184B,0.0
TMEM184C,0.0
TMEM186,0.0
TMEM189,0.0
TMEM19,0.0
TMEM192,0.0
TMEM199,0.0
TMEM245,0.0
TMEM203,0.0
TMEM205,0.0
TMEM208,0.0
TMEM209,0.0
TMEM214,0.0
TMEM218,0.0
TMEM219,0.0
TMEM222,0.0
TMEM230,0.0
TMEM237,0.0
TMEM241,0.0
TMEM242,0.0
TMEM201,0.0
TOB2,0.0
TOE1,0.0
TOLLIP,0.0
TOMM20,0.0
TOMM22,0.0
TOMM34,0.0
TOMM40,0.0
TOMM5,0.0
TOMM7,0.0
TONSL,0.0
TOP1,0.0
TMF1,0.0
TOP2A,0.0
TOP2B,0.0
TOP3A,0.0
TOP3B,0.0
TOPBP1,0.0
TOPORS,0.0
TOR1A,0.0
TOR1AIP1,0.0
TOR1AIP2,0.0
TOR1B,0.0
TOR3A,0.0
TOX4,0.0
TOP1MT,0.0
TMOD3,0.0
TMPO,0.0
TMSB10,0.0
TMSB4X,0.0
TMTC3,0.0
TMTC4,0.0
TMUB2,0.0
TMX1,0.0
TMX2,0.0
TMX3,0.0
TNFAIP1,0.0
TNFAIP2,0.0
TOB1,0.0
TNFRSF1A,0.0
TNFRSF21,0.0
TNIP2,0.0
TNKS,0.0
TNKS2,0.0
TNPO1,0.0
TNPO2,0.0
TNPO3,0.0
TNRC6A,0.0
TNRC6B,0.0
TNRC6C,0.0
TNS3,0.0
TNFAIP8,0.0
UBE2G1,0.0
UBE2G2,0.0
UBE2H,0.0
UBE2I,0.0
UBE2J1,0.0
UBE2J2,0.0
UBE2K,0.0
UBE2L3,0.0
UBE2L6,0.0
UBE2M,0.0
UBE2N,0.0
TSC22D2,0.0
UBE2Q1,0.0
UBE2Q2,0.0
UBE2R2,0.0
UBE2S,0.0
UBE2T,0.0
UBE2V2,0.0
UBE2W,0.0
UBE2Z,0.0
UBE3A,0.0
UBE3B,0.0
UBE3C,0.0
UBE4A,0.0
UBE2O,0.0
U2SURP,0.0
UAP1,0.0
UBA1,0.0
UBA2,0.0
UBA3,0.0
UBA5,0.0
UBA52,0.0
UBA6,0.0
UBAC1,0.0
UBAC2,0.0
UBAP1,0.0
UBE2F,0.0
UBAP2L,0.0
UBASH3B,0.0
UBB,0.0
UBC,0.0
UBE2A,0.0
UBE2B,0.0
UBE2C,0.0
UBE2D1,0.0
UBE2D3,0.0
UBE2E1,0.0
UBE2E2,0.0
UBE2E3,0.0
UBAP2,0.0
UBXN8,0.0
UCHL3,0.0
UCHL5,0.0
UCK1,0.0
UCK2,0.0
UCKL1,0.0
UCP2,0.0
UFC1,0.0
UFL1,0.0
UFM1,0.0
UFSP2,0.0
UBE4B,0.0
UGDH,0.0
UGGT1,0.0
UGP2,0.0
UHMK1,0.0
UHRF1,0.0
UHRF1BP1,0.0
UHRF1BP1L,0.0
UHRF2,0.0
UIMC1,0.0
ULK1,0.0
ULK3,0.0
UMPS,0.0
UGCG,0.0
UBFD1,0.0
UBIAD1,0.0
UBL3,0.0
UBL5,0.0
UBL7,0.0
UBLCP1,0.0
UBN1,0.0
UBN2,0.0
UBOX5,0.0
UBP1,0.0
UBQLN1,0.0
UBQLN2,0.0
UBXN7,0.0
UBR1,0.0
UBR2,0.0
UBR3,0.0
UBR4,0.0
UBR5,0.0
UBR7,0.0
UBTF,0.0
UBXN1,0.0
UBXN2A,0.0
UBXN2B,0.0
UBXN4,0.0
UBXN6,0.0
UBQLN4,0.0
TTC1,0.0
TTC14,0.0
TTC17,0.0
TTC19,0.0
TTC21B,0.0
TTC26,0.0
TTC27,0.0
TTC28,0.0
TTC3,0.0
TTC32,0.0
TTC33,0.0
U2AF2,0.0
TTC39B,0.0
TTC39C,0.0
TTC4,0.0
TTC5,0.0
TTC7B,0.0
TTC8,0.0
TTC9C,0.0
TTF1,0.0
TTF2,0.0
TTI1,0.0
TTI2,0.0
TTK,0.0
TTC37,0.0
TSEN15,0.0
TSEN2,0.0
TSEN34,0.0
TSEN54,0.0
TSFM,0.0
TSG101,0.0
TSGA10,0.0
TSHZ3,0.0
TSN,0.0
TSNAX,0.0
TSPAN13,0.0
TTBK2,0.0
TSPAN3,0.0
TSPAN31,0.0
TSPAN33,0.0
TSPAN5,0.0
TSPO,0.0
TSPYL1,0.0
TSPYL2,0.0
TSR1,0.0
TSR2,0.0
TSSC4,0.0
TSTA3,0.0
TSTD2,0.0
TSPAN14,0.0
TWF1,0.0
TWF2,0.0
TWISTNB,0.0
TWSG1,0.0
TXLNA,0.0
TXLNG,0.0
TXN2,0.0
TXNDC12,0.0
TXNDC15,0.0
TXNDC16,0.0
TXNDC17,0.0
TTL,0.0
TXNDC9,0.0
TXNL1,0.0
TXNL4A,0.0
TXNL4B,0.0
TXNRD1,0.0
TYMS,0.0
TYSND1,0.0
TYW1,0.0
TYW3,0.0
TYW5,0.0
U2AF1,0.0
U2AF1L4,0.0
TXNDC5,0.0
TTLL12,0.0
TTLL4,0.0
TTLL5,0.0
TTPAL,0.0
TTYH3,0.0
TUBA1A,0.0
TUBA1B,0.0
TUBA1C,0.0
TUBA4A,0.0
TUBB4A,0.0
TUBB4B,0.0
TUBD1,0.0
TUT1,0.0
TUBG1,0.0
TUBG2,0.0
TUBGCP2,0.0
TUBGCP3,0.0
TUBGCP4,0.0
TUBGCP5,0.0
TUBGCP6,0.0
TUFM,0.0
TULP3,0.0
TULP4,0.0
TUSC2,0.0
TUSC3,0.0
TUBE1,0.0
PDIA6,0.0
PDK1,0.0
PDK2,0.0
PDK3,0.0
PDLIM1,0.0
PDLIM2,0.0
PDLIM5,0.0
PDLIM7,0.0
PDP2,0.0
PDPK1,0.0
PDPR,0.0
SEC13,0.0
PDS5A,0.0
PDS5B,0.0
PDSS1,0.0
PDSS2,0.0
PDXDC1,0.0
PDXK,0.0
PDZD11,0.0
PDZD8,0.0
PEAK1,0.0
PEBP1,0.0
PECR,0.0
PEF1,0.0
PDRG1,0.0
PCNT,0.0
PCSK7,0.0
PCYOX1,0.0
PCYT1A,0.0
PDAP1,0.0
PDCD10,0.0
PDCD11,0.0
PDCD2L,0.0
PDCD4,0.0
PDCD5,0.0
PDCD6,0.0
PDIA5,0.0
PDCD7,0.0
PDCL,0.0
PDCL3,0.0
PDE12,0.0
PDE4DIP,0.0
PDE5A,0.0
PDE7A,0.0
PDHA1,0.0
PDHB,0.0
PDHX,0.0
PDIA3,0.0
PDIA4,0.0
PDCD6IP,0.0
PFN1,0.0
PGAM1,0.0
PGAM5,0.0
PGAP1,0.0
PGAP2,0.0
PGD,0.0
PGGT1B,0.0
PGK1,0.0
PGLS,0.0
PGM1,0.0
PGM2,0.0
PELI1,0.0
PGM3,0.0
PGP,0.0
PGPEP1,0.0
PGRMC1,0.0
PGRMC2,0.0
PGS1,0.0
PHACTR2,0.0
PHACTR4,0.0
PHAX,0.0
PHB,0.0
PHB2,0.0
PHC1,0.0
PGM2L1,0.0
PELI2,0.0
PELO,0.0
PELP1,0.0
PEMT,0.0
PEPD,0.0
PER2,0.0
PES1,0.0
PEX1,0.0
PEX11B,0.0
PEX13,0.0
PEX14,0.0
PFKP,0.0
PEX2,0.0
PEX26,0.0
PEX3,0.0
PEX5,0.0
PFAS,0.0
PFDN1,0.0
PFDN2,0.0
PFDN4,0.0
PFDN5,0.0
PFKFB3,0.0
PFKL,0.0
PFKM,0.0
PEX19,0.0
PABPC1,0.0
PABPC4,0.0
PABPN1,0.0
PACS1,0.0
PACS2,0.0
PACSIN2,0.0
PAF1,0.0
PAFAH1B1,0.0
PAFAH1B2,0.0
PAFAH1B3,0.0
PAFAH2,0.0
PCNP,0.0
PAICS,0.0
PAIP1,0.0
PAIP2,0.0
PAK1,0.0
PAK1IP1,0.0
PAK2,0.0
PAK4,0.0
PALB2,0.0
PAM,0.0
PAM16,0.0
PAN2,0.0
PAN3,0.0
PAG1,0.0
OSBPL11,0.0
OSBPL2,0.0
OSBPL3,0.0
OSBPL8,0.0
OSBPL9,0.0
OSGEP,0.0
OSGEPL1,0.0
OSGIN2,0.0
OST4,0.0
OSTC,0.0
OSTF1,0.0
PA2G4,0.0
OTUB1,0.0
OTUD4,0.0
OTUD5,0.0
OTUD6B,0.0
OTUD7B,0.0
OXA1L,0.0
OXCT1,0.0
OXNAD1,0.0
OXR1,0.0
OXSR1,0.0
P4HA1,0.0
P4HB,0.0
OSTM1,0.0
PAXIP1,0.0
PBK,0.0
PBRM1,0.0
PBX2,0.0
PBX3,0.0
PCBD2,0.0
PCBP1,0.0
PCBP2,0.0
PCCA,0.0
PCCB,0.0
PCF11,0.0
PANK1,0.0
PCGF2,0.0
PCGF3,0.0
PCGF5,0.0
PCGF6,0.0
PCID2,0.0
PCIF1,0.0
PCK2,0.0
PCM1,0.0
PCMT1,0.0
PCMTD1,0.0
PCMTD2,0.0
PCNA,0.0
PCGF1,0.0
PANK2,0.0
PANK3,0.0
PANK4,0.0
PANX1,0.0
PAPOLA,0.0
PAPOLG,0.0
PAPSS1,0.0
PAQR4,0.0
PAQR8,0.0
PARD3,0.0
PARG,0.0
PARK7,0.0
PATZ1,0.0
PARN,0.0
PARP1,0.0
PARP11,0.0
PARP12,0.0
PARP14,0.0
PARP2,0.0
PARP4,0.0
PARP8,0.0
PARP9,0.0
PARPBP,0.0
PASK,0.0
PATL1,0.0
PARL,0.0
PMF1,0.0
PML,0.0
PMM1,0.0
PMM2,0.0
PMPCA,0.0
PMPCB,0.0
PMS1,0.0
PMS2,0.0
PMVK,0.0
PNISR,0.0
PNKD,0.0
PHC3,0.0
PNN,0.0
PNO1,0.0
PNP,0.0
PNPLA6,0.0
PNPLA8,0.0
PNPO,0.0
PNPT1,0.0
PNRC1,0.0
PNRC2,0.0
POC1A,0.0
POC1B,0.0
POC5,0.0
PNKP,0.0
PLD3,0.0
PLEC,0.0
PLEKHA2,0.0
PLEKHA3,0.0
PLEKHB2,0.0
PLEKHF2,0.0
PLEKHG1,0.0
PLEKHG2,0.0
PLEKHJ1,0.0
PLEKHM1,0.0
PLEKHM2,0.0
PLXND1,0.0
PLEKHO1,0.0
PLIN2,0.0
PLIN3,0.0
PLK1,0.0
PLK4,0.0
PLOD1,0.0
PLOD3,0.0
PLRG1,0.0
PLS1,0.0
PLSCR1,0.0
PLSCR3,0.0
PLXNC1,0.0
PLEKHM3,0.0
POLR1D,0.0
POLR1E,0.0
POLR2A,0.0
POLR2B,0.0
POLR2C,0.0
POLR2D,0.0
POLR2E,0.0
POLR2F,0.0
POLR2G,0.0
POLR2H,0.0
POLR2I,0.0
POFUT1,0.0
POLR2K,0.0
POLR2L,0.0
POLR2M,0.0
POLR3A,0.0
POLR3B,0.0
POLR3C,0.0
POLR3D,0.0
POLR3E,0.0
POLR3F,0.0
POLR3G,0.0
POLR3H,0.0
POLR3K,0.0
POLR2J,0.0
POFUT2,0.0
POGK,0.0
POGLUT1,0.0
POGZ,0.0
POLA1,0.0
POLA2,0.0
POLB,0.0
POLD1,0.0
POLD2,0.0
POLD3,0.0
POLD4,0.0
POLDIP2,0.0
POLR1C,0.0
POLE,0.0
POLE2,0.0
POLE3,0.0
POLE4,0.0
POLG,0.0
POLG2,0.0
POLH,0.0
POLI,0.0
POLK,0.0
POLQ,0.0
POLR1A,0.0
POLR1B,0.0
POLDIP3,0.0
PHTF1,0.0
PHTF2,0.0
PHYH,0.0
PI4K2B,0.0
PI4KA,0.0
PI4KB,0.0
PIAS1,0.0
PIAS2,0.0
PIAS3,0.0
PIAS4,0.0
PIBF1,0.0
PLCG1,0.0
PIF1,0.0
PIGA,0.0
PIGB,0.0
PIGC,0.0
PIGF,0.0
PIGG,0.0
PIGH,0.0
PIGK,0.0
PIGL,0.0
PIGM,0.0
PIGN,0.0
PIGO,0.0
PICALM,0.0
PHF1,0.0
PHF10,0.0
PHF12,0.0
PHF13,0.0
PHF14,0.0
PHF20,0.0
PHF20L1,0.0
PHF21A,0.0
PHF23,0.0
PHF3,0.0
PHF5A,0.0
PHRF1,0.0
PHF8,0.0
PHGDH,0.0
PHIP,0.0
PHKA2,0.0
PHKB,0.0
PHKG2,0.0
PHLDA1,0.0
PHLDB2,0.0
PHLPP1,0.0
PHLPP2,0.0
PHOSPHO2,0.0
PHPT1,0.0
PHF6,0.0
PIP5K1A,0.0
PISD,0.0
PITHD1,0.0
PITPNA,0.0
PITPNB,0.0
PITPNC1,0.0
PITRM1,0.0
PJA1,0.0
PJA2,0.0
PKD1,0.0
PKD2,0.0
PIGP,0.0
PKMYT1,0.0
PKN1,0.0
PKN2,0.0
PKNOX1,0.0
PKP4,0.0
PLA2G12A,0.0
PLAA,0.0
PLAC8,0.0
PLAG1,0.0
PLAGL2,0.0
PLBD2,0.0
PLCB3,0.0
PKIG,0.0
PIGS,0.0
PIGT,0.0
PIGU,0.0
PIGV,0.0
PIGW,0.0
PIGX,0.0
PIH1D1,0.0
PIK3AP1,0.0
PIK3C2A,0.0
PIK3C2B,0.0
PIK3C3,0.0
PIK3CA,0.0
PIP4K2B,0.0
PIK3CD,0.0
PIK3R1,0.0
PIK3R2,0.0
PIK3R3,0.0
PIK3R4,0.0
PIKFYVE,0.0
PIM1,0.0
PIN1,0.0
PIN4,0.0
PINK1,0.0
PINX1,0.0
PIP4K2A,0.0
PIK3CB,0.0
NDRG3,0.0
NDST1,0.0
NDUFA1,0.0
NDUFA10,0.0
NDUFA11,0.0
NDUFA12,0.0
NDUFA13,0.0
NDUFA2,0.0
NDUFA3,0.0
NDUFA4,0.0
NDUFA5,0.0
OSBP,0.0
NDUFA7,0.0
NDUFA8,0.0
NDUFA9,0.0
NDUFAB1,0.0
NDUFAF1,0.0
NDUFAF2,0.0
NDUFAF3,0.0
NDUFAF4,0.0
NDUFB10,0.0
NDUFB11,0.0
NDUFB2,0.0
NDUFB3,0.0
NDUFA6,0.0
NCAPH,0.0
NCAPH2,0.0
NCBP1,0.0
NCBP2,0.0
NCDN,0.0
NCK1,0.0
NCK2,0.0
NCKAP5L,0.0
NCL,0.0
NCLN,0.0
NCOA1,0.0
NDOR1,0.0
NCOA3,0.0
NCOA4,0.0
NCOA5,0.0
NCOA6,0.0
NCOA7,0.0
NCOR1,0.0
NCOR2,0.0
NCSTN,0.0
NDC80,0.0
NDE1,0.0
NDEL1,0.0
NDFIP1,0.0
NCOA2,0.0
NEIL3,0.0
NEK1,0.0
NEK2,0.0
NEK4,0.0
NEK7,0.0
NEK9,0.0
NEMF,0.0
NET1,0.0
NEU1,0.0
NF1,0.0
NF2,0.0
NDUFB4,0.0
NFATC2IP,0.0
NFATC3,0.0
NFE2L1,0.0
NFE2L2,0.0
NFKBIA,0.0
NFKBIB,0.0
NFRKB,0.0
NFS1,0.0
NFU1,0.0
NFX1,0.0
NFXL1,0.0
NFYA,0.0
NFAT5,0.0
NDUFB5,0.0
NDUFB6,0.0
NDUFB7,0.0
NDUFB8,0.0
NDUFB9,0.0
NDUFC1,0.0
NDUFC2,0.0
NDUFS1,0.0
NDUFS2,0.0
NDUFS3,0.0
NDUFS4,0.0
NEDD9,0.0
NDUFS6,0.0
NDUFS7,0.0
NDUFS8,0.0
NDUFV1,0.0
NDUFV2,0.0
NDUFV3,0.0
NEB,0.0
NECAP1,0.0
NECAP2,0.0
NEDD1,0.0
NEDD4L,0.0
NEDD8,0.0
NDUFS5,0.0
MXI1,0.0
MYADM,0.0
MYBBP1A,0.0
MYBL2,0.0
MYC,0.0
MYCBP,0.0
MYCBP2,0.0
MYD88,0.0
MYH10,0.0
MYH11,0.0
MYH9,0.0
NCAPG2,0.0
MYL12B,0.0
MYL6,0.0
MYL6B,0.0
MYLIP,0.0
MYLK,0.0
MYNN,0.0
MYO10,0.0
MYO18A,0.0
MYO1C,0.0
MYO5A,0.0
MYO6,0.0
MYO9A,0.0
MYL12A,0.0
MTIF2,0.0
MTM1,0.0
MTMR1,0.0
MTMR10,0.0
MTMR12,0.0
MTMR14,0.0
MTMR2,0.0
MTMR3,0.0
MTMR4,0.0
MTMR6,0.0
MTMR9,0.0
MVK,0.0
MTOR,0.0
MTPAP,0.0
MTPN,0.0
ABCC4,0.0
MTRF1,0.0
MTRF1L,0.0
MTRR,0.0
MTX1,0.0
MUL1,0.0
MUS81,0.0
MUTYH,0.0
MVD,0.0
MTO1,0.0
NAMPT,0.0
NANP,0.0
NANS,0.0
NAP1L1,0.0
NAP1L4,0.0
NAPA,0.0
NAPB,0.0
NAPEPLD,0.0
NAPG,0.0
NARF,0.0
NARS,0.0
MYO9B,0.0
NASP,0.0
NAT10,0.0
NAT9,0.0
NAV1,0.0
NBAS,0.0
NBEA,0.0
NBEAL1,0.0
NBN,0.0
NBR1,0.0
NCAPD2,0.0
NCAPD3,0.0
NCAPG,0.0
NARS2,0.0
MYSM1,0.0
MZT1,0.0
N4BP1,0.0
N4BP2,0.0
N4BP2L2,0.0
N4BP3,0.0
NAA10,0.0
NAA15,0.0
NAA16,0.0
NAA20,0.0
NAA25,0.0
NAA30,0.0
NAGK,0.0
NAA38,0.0
NAA40,0.0
NAA50,0.0
NAA60,0.0
NAB1,0.0
NACA,0.0
NACC1,0.0
NADK,0.0
NADSYN1,0.0
NAE1,0.0
NAF1,0.0
NAGA,0.0
NAA35,0.0
NUDT14,0.0
NUDT16,0.0
NUDT16L1,0.0
NUDT2,0.0
NUDT21,0.0
NUDT22,0.0
NUDT4,0.0
NUDT5,0.0
NUDT6,0.0
NUDT9,0.0
NUF2,0.0
NFYB,0.0
NUFIP2,0.0
NUMA1,0.0
NUMB,0.0
NUP107,0.0
NUP133,0.0
NUP153,0.0
NUP155,0.0
NUP160,0.0
NUP188,0.0
NUP205,0.0
NUP214,0.0
NUP35,0.0
NUFIP1,0.0
NSUN2,0.0
NSUN3,0.0
NSUN4,0.0
NSUN5,0.0
NSUN6,0.0
NT5C,0.0
NT5C2,0.0
NT5DC1,0.0
NT5DC2,0.0
NT5DC3,0.0
NTAN1,0.0
NUDT1,0.0
NTPCR,0.0
NUB1,0.0
NUBP1,0.0
NUBP2,0.0
NUBPL,0.0
NUCB1,0.0
NUCB2,0.0
NUCKS1,0.0
NUDC,0.0
NUDCD1,0.0
NUDCD2,0.0
NUDCD3,0.0
NTHL1,0.0
OGDH,0.0
OGFOD1,0.0
OGG1,0.0
OGT,0.0
OIP5,0.0
OLA1,0.0
OMA1,0.0
OMD,0.0
OPA1,0.0
OPA3,0.0
OPTN,0.0
NUP37,0.0
ORAI2,0.0
ORAI3,0.0
ORC1,0.0
ORC2,0.0
ORC3,0.0
ORC4,0.0
ORC5,0.0
ORC6,0.0
ORMDL1,0.0
ORMDL2,0.0
ORMDL3,0.0
OS9,0.0
ORAI1,0.0
NUP43,0.0
NUP50,0.0
NUP54,0.0
NUP85,0.0
NUP88,0.0
NUP93,0.0
NUP98,0.0
NUS1,0.0
NUSAP1,0.0
NUTF2,0.0
NVL,0.0
NXF1,0.0
OFD1,0.0
NXT1,0.0
NXT2,0.0
OAT,0.0
OAZ1,0.0
OAZ2,0.0
OBSCN,0.0
OCIAD1,0.0
OCIAD2,0.0
OCRL,0.0
ODC1,0.0
ODF2,0.0
ODF2L,0.0
NXN,0.0
NLE1,0.0
NLGN2,0.0
NLK,0.0
NLN,0.0
NMD3,0.0
NME1,0.0
NME2,0.0
NME4,0.0
NME6,0.0
NME7,0.0
NMI,0.0
NSMCE4A,0.0
NMT1,0.0
NMT2,0.0
NNT,0.0
NOA1,0.0
NOB1,0.0
NOC2L,0.0
NOC3L,0.0
NOC4L,0.0
NOL10,0.0
NOL11,0.0
NOL12,0.0
NOL6,0.0
NMNAT1,0.0
NFYC,0.0
NGDN,0.0
NGLY1,0.0
NGRN,0.0
NHEJ1,0.0
NHLRC2,0.0
NHLRC3,0.0
NHP2,0.0
NHSL1,0.0
NIF3L1,0.0
NIN,0.0
NKTR,0.0
NIP7,0.0
NIPA1,0.0
NIPA2,0.0
NIPAL3,0.0
NIPBL,0.0
NIPSNAP1,0.0
NISCH,0.0
NIT1,0.0
NIT2,0.0
NKAP,0.0
NKIRAS1,0.0
NKIRAS2,0.0
NINJ1,0.0
NQO1,0.0
NQO2,0.0
NR1D2,0.0
NR1H2,0.0
NR2C1,0.0
NR2C2,0.0
NR2C2AP,0.0
NR3C1,0.0
NR6A1,0.0
NRAS,0.0
NRBF2,0.0
NOL7,0.0
NRF1,0.0
NRIP1,0.0
NRM,0.0
NSA2,0.0
NSD1,0.0
NSDHL,0.0
NSF,0.0
NSFL1C,0.0
NSL1,0.0
NSMAF,0.0
NSMCE1,0.0
NSMCE2,0.0
NRBP1,0.0
NOL8,0.0
NOL9,0.0
NOLC1,0.0
NOM1,0.0
NOMO1,0.0
NONO,0.0
NOP10,0.0
NOP14,0.0
NOP16,0.0
NOP2,0.0
NOP56,0.0
NOP58,0.0
NPTN,0.0
NOTCH1,0.0
NOTCH2,0.0
NPAT,0.0
NPC1,0.0
NPC2,0.0
NPEPPS,0.0
NPHP3,0.0
NPLOC4,0.0
NPM1,0.0
NPM3,0.0
NPRL2,0.0
NPRL3,0.0
NOSIP,0.0
RNF181,0.0
RNF185,0.0
RNF187,0.0
RNF19A,0.0
RNF2,0.0
RNF20,0.0
RNF213,0.0
RNF214,0.0
RNF216,0.0
RNF220,0.0
RNF25,0.0
POLRMT,0.0
RNF31,0.0
RNF34,0.0
RNF38,0.0
RNF4,0.0
RNF40,0.0
RNF41,0.0
RNF44,0.0
RNF5,0.0
RNF6,0.0
RNF7,0.0
RNF8,0.0
RNFT1,0.0
RNF26,0.0
RNASEH2C,0.0
RNF10,0.0
RNF103,0.0
RNF11,0.0
RNF111,0.0
RNF114,0.0
RNF115,0.0
RNF121,0.0
RNF125,0.0
RNF126,0.0
RNF13,0.0
RNF170,0.0
RNF135,0.0
RNF138,0.0
RNF139,0.0
RNF14,0.0
RNF141,0.0
RNF144A,0.0
RNF145,0.0
RNF146,0.0
RNF149,0.0
RNF167,0.0
RNF168,0.0
RNF169,0.0
RNF130,0.0
RPIA,0.0
RPL10,0.0
RPL10A,0.0
RPL11,0.0
RPL12,0.0
RPL13,0.0
RPL13A,0.0
RPL14,0.0
RPL15,0.0
RPL17,0.0
RPL18,0.0
RNFT2,0.0
RPL19,0.0
RPL21,0.0
RPL22,0.0
RPL22L1,0.0
RPL23,0.0
RPL23A,0.0
RPL26,0.0
RPL27,0.0
RPL27A,0.0
RPL28,0.0
RPL29,0.0
RPL3,0.0
RPL18A,0.0
RNGTT,0.0
RNH1,0.0
RNMT,0.0
RNPC3,0.0
RNPEP,0.0
RNPS1,0.0
ROCK1,0.0
ROCK2,0.0
ROGDI,0.0
ROMO1,0.0
RORA,0.0
RPH3AL,0.0
RPA1,0.0
RPA2,0.0
RPA3,0.0
RPAIN,0.0
RPAP1,0.0
RPAP2,0.0
RPAP3,0.0
RPE,0.0
RPF1,0.0
RPF2,0.0
RPGR,0.0
RPGRIP1L,0.0
RP9,0.0
RCCD1,0.0
RCE1,0.0
RCHY1,0.0
RCL1,0.0
RCN1,0.0
RCN2,0.0
RCOR1,0.0
RCOR3,0.0
RDH10,0.0
RDH11,0.0
RDH13,0.0
RNASEH2B,0.0
RDX,0.0
RECK,0.0
RECQL,0.0
RECQL4,0.0
RECQL5,0.0
REEP3,0.0
REEP5,0.0
REL,0.0
RELA,0.0
RELL1,0.0
REPIN1,0.0
REPS1,0.0
RDH14,0.0
RBM38,0.0
RBM39,0.0
RBM41,0.0
RBM43,0.0
RBM45,0.0
RBM48,0.0
RBM4B,0.0
RBM5,0.0
RBM6,0.0
RBM7,0.0
RBM8A,0.0
RCC2,0.0
RBMS2,0.0
RBMX,0.0
RBMX2,0.0
RBMXL1,0.0
RBPJ,0.0
RBPMS,0.0
RBX1,0.0
RC3H1,0.0
RC3H2,0.0
RCBTB1,0.0
RCBTB2,0.0
RCC1,0.0
RBMS1,0.0
RHOA,0.0
RHOBTB3,0.0
RHOG,0.0
RHOQ,0.0
RHOT1,0.0
RHOT2,0.0
RIC8B,0.0
RICTOR,0.0
RIF1,0.0
RINT1,0.0
RIOK1,0.0
RER1,0.0
RIPK1,0.0
RIPK2,0.0
RIT1,0.0
RLF,0.0
RLIM,0.0
RMI1,0.0
RMI2,0.0
RMND1,0.0
RMND5A,0.0
RMND5B,0.0
RNASEH1,0.0
RNASEH2A,0.0
RIOK3,0.0
RERE,0.0
REST,0.0
REV1,0.0
REV3L,0.0
REXO2,0.0
REXO4,0.0
RFC1,0.0
RFC2,0.0
RFC3,0.0
RFC4,0.0
RFC5,0.0
RFFL,0.0
RHEB,0.0
RFT1,0.0
RFWD3,0.0
RFX3,0.0
RFX5,0.0
RFX7,0.0
RFXANK,0.0
RGL2,0.0
RGS12,0.0
RHBDD1,0.0
RHBDD2,0.0
RHBDD3,0.0
RHBDF2,0.0
RFK,0.0
SAAL1,0.0
SACM1L,0.0
SACS,0.0
SAE1,0.0
SAFB,0.0
SAFB2,0.0
SALL4,0.0
SAMD8,0.0
SAMM50,0.0
SAP130,0.0
SAP18,0.0
RPL30,0.0
SAP30BP,0.0
SAPCD2,0.0
SAR1A,0.0
SAR1B,0.0
SARM1,0.0
SARNP,0.0
SARS,0.0
SARS2,0.0
SART1,0.0
SART3,0.0
SASS6,0.0
SAT1,0.0
SAP30,0.0
RSL24D1,0.0
RSPRY1,0.0
RSRC1,0.0
RSRC2,0.0
RSU1,0.0
RTEL1,0.0
RTF1,0.0
RTKN2,0.0
RTN3,0.0
RTN4,0.0
RTN4IP1,0.0
S100PBP,0.0
RUFY1,0.0
RUFY2,0.0
RUFY3,0.0
RUNDC1,0.0
RUSC1,0.0
RUVBL1,0.0
RUVBL2,0.0
RWDD1,0.0
RWDD3,0.0
RYBP,0.0
RYK,0.0
S100A13,0.0
RTTN,0.0
SCO1,0.0
SCOC,0.0
SCP2,0.0
SCPEP1,0.0
SCRIB,0.0
SCRN2,0.0
SCRN3,0.0
SCYL1,0.0
SCYL2,0.0
SCYL3,0.0
SDAD1,0.0
SATB1,0.0
SDCCAG8,0.0
SDF2,0.0
SDF2L1,0.0
SDF4,0.0
SDHA,0.0
SDHAF2,0.0
SDHB,0.0
SDHC,0.0
SDHD,0.0
SDR39U1,0.0
SEC11A,0.0
SEC11C,0.0
SDCBP,0.0
SAV1,0.0
SAYSD1,0.0
SBDS,0.0
SBF2,0.0
SBNO1,0.0
SCAF1,0.0
SCAF11,0.0
SCAF4,0.0
SCAF8,0.0
SCAI,0.0
SCAMP1,0.0
SCAMP2,0.0
SCNM1,0.0
SCAND1,0.0
SCAP,0.0
SCAPER,0.0
SCARB1,0.0
SCARB2,0.0
SCCPDH,0.0
SCFD1,0.0
SCFD2,0.0
SCLT1,0.0
SCLY,0.0
SCMH1,0.0
SCML2,0.0
SCAMP3,0.0
RPN2,0.0
RPP14,0.0
RPP21,0.0
RPP25L,0.0
RPP30,0.0
RPP38,0.0
RPP40,0.0
RPRD1A,0.0
RPRD1B,0.0
RPRD2,0.0
RPS10,0.0
RSL1D1,0.0
RPS12,0.0
RPS13,0.0
RPS14,0.0
RPS15,0.0
RPS15A,0.0
RPS16,0.0
RPS17,0.0
RPS18,0.0
RPS19,0.0
RPS19BP1,0.0
RPS2,0.0
RPS20,0.0
RPS11,0.0
RPL31,0.0
RPL32,0.0
RPL34,0.0
RPL35,0.0
RPL35A,0.0
RPL36,0.0
RPL36A,0.0
RPL36AL,0.0
RPL37,0.0
RPL37A,0.0
RPL38,0.0
RPN1,0.0
RPL4,0.0
RPL41,0.0
RPL5,0.0
RPL6,0.0
RPL7,0.0
RPL7A,0.0
RPL7L1,0.0
RPL8,0.0
RPL9,0.0
RPLP0,0.0
RPLP1,0.0
RPLP2,0.0
RPL39,0.0
RRAGA,0.0
RRAGB,0.0
RRAGC,0.0
RRAS2,0.0
RRBP1,0.0
RREB1,0.0
RRM1,0.0
RRM2,0.0
RRM2B,0.0
RRN3,0.0
RRNAD1,0.0
RPS21,0.0
RRP12,0.0
RRP15,0.0
RRP1B,0.0
RRP36,0.0
RRP7A,0.0
RRP8,0.0
RRP9,0.0
RRS1,0.0
RSAD1,0.0
RSBN1,0.0
RSBN1L,0.0
RSF1,0.0
RRP1,0.0
RPS23,0.0
RPS24,0.0
RPS25,0.0
RPS26,0.0
RPS27,0.0
RPS27A,0.0
RPS27L,0.0
RPS28,0.0
RPS29,0.0
RPS3,0.0
RPS4X,0.0
RPS5,0.0
RPUSD4,0.0
RPS6KA1,0.0
RPS6KA3,0.0
RPS6KB1,0.0
RPS6KB2,0.0
RPS6KC1,0.0
RPS7,0.0
RPS8,0.0
RPS9,0.0
RPSA,0.0
RPUSD1,0.0
RPUSD2,0.0
RPUSD3,0.0
RPS6,0.0
PRMT5,0.0
PRMT6,0.0
PRMT7,0.0
PROSER1,0.0
PRPF18,0.0
PRPF19,0.0
PRPF3,0.0
PRPF31,0.0
PRPF38A,0.0
PRPF38B,0.0
PRPF39,0.0
RBM34,0.0
PRPF40A,0.0
PRPF40B,0.0
PRPF4B,0.0
PRPF6,0.0
PRPF8,0.0
PRPS1,0.0
PRPS2,0.0
PRPSAP1,0.0
PRPSAP2,0.0
PRR11,0.0
PRR12,0.0
PRR13,0.0
PRPF4,0.0
PRELID2,0.0
PREP,0.0
PREPL,0.0
PRIM1,0.0
PRIM2,0.0
PRKAA1,0.0
PRKAB1,0.0
PRKACA,0.0
PRKACB,0.0
PRKAG1,0.0
PRKAG2,0.0
PRMT3,0.0
PRKAR2B,0.0
PRKCA,0.0
PRKCI,0.0
PRKCQ,0.0
PRKCSH,0.0
PRKD2,0.0
PRKD3,0.0
PRKDC,0.0
PRKRA,0.0
PRKRIP1,0.0
PRKX,0.0
PRMT2,0.0
PRKAR1A,0.0
PSMB7,0.0
PSMB8,0.0
PSMC1,0.0
PSMC2,0.0
PSMC3,0.0
PSMC3IP,0.0
PSMC4,0.0
PSMC5,0.0
PSMC6,0.0
PSMD1,0.0
PSMD10,0.0
PRR14L,0.0
PSMD12,0.0
PSMD13,0.0
PSMD14,0.0
PSMD2,0.0
PSMD3,0.0
PSMD4,0.0
PSMD5,0.0
PSMD6,0.0
PSMD7,0.0
PSMD8,0.0
PSMD9,0.0
PSME1,0.0
PSMD11,0.0
PRR3,0.0
PRR5,0.0
PRRC1,0.0
PRRC2A,0.0
PRRC2B,0.0
PRRC2C,0.0
PSAP,0.0
PSD3,0.0
PSEN1,0.0
PSENEN,0.0
PSIP1,0.0
PSMB6,0.0
PSMA1,0.0
PSMA2,0.0
PSMA3,0.0
PSMA4,0.0
PSMA5,0.0
PSMA6,0.0
PSMA7,0.0
PSMB1,0.0
PSMB10,0.0
PSMB2,0.0
PSMB3,0.0
PSMB5,0.0
PSKH1,0.0
PPID,0.0
PPIE,0.0
PPIF,0.0
PPIG,0.0
PPIH,0.0
PPIL1,0.0
PPIL2,0.0
PPIL3,0.0
PPIL4,0.0
PPIP5K1,0.0
PPIP5K2,0.0
PRELID1,0.0
PPM1B,0.0
PPM1D,0.0
PPM1G,0.0
PPM1H,0.0
PPM1K,0.0
PPME1,0.0
PPOX,0.0
PPP1CA,0.0
PPP1CB,0.0
PPP1CC,0.0
PPP1R10,0.0
PPP1R11,0.0
PPM1A,0.0
POM121,0.0
POMGNT1,0.0
POMP,0.0
POMT2,0.0
POP1,0.0
POP4,0.0
POP5,0.0
POP7,0.0
POR,0.0
POU2F1,0.0
POU2F2,0.0
PPIB,0.0
PPA2,0.0
PPAN,0.0
PPARD,0.0
PPARGC1B,0.0
PPAT,0.0
PPCDC,0.0
PPCS,0.0
PPDPF,0.0
PPFIA1,0.0
PPFIBP1,0.0
PPHLN1,0.0
PPIA,0.0
PPA1,0.0
PPP5C,0.0
PPP6C,0.0
PPP6R1,0.0
PPP6R2,0.0
PPP6R3,0.0
PPRC1,0.0
PPT1,0.0
PPWD1,0.0
PQBP1,0.0
PRC1,0.0
PRCC,0.0
PPP1R12A,0.0
PRDM10,0.0
PRDM11,0.0
PRDM15,0.0
PRDM2,0.0
PRDM4,0.0
PRDX1,0.0
PRDX2,0.0
PRDX3,0.0
PRDX4,0.0
PRDX5,0.0
PRDX6,0.0
PREB,0.0
PRCP,0.0
PPP1R12B,0.0
PPP1R14B,0.0
PPP1R15B,0.0
PPP1R2,0.0
PPP1R21,0.0
PPP1R3B,0.0
PPP1R7,0.0
PPP1R8,0.0
PPP2CA,0.0
PPP2CB,0.0
PPP2R1A,0.0
PPP2R1B,0.0
PPP4R2,0.0
PPP2R2D,0.0
PPP2R3A,0.0
PPP2R3C,0.0
PPP2R5A,0.0
PPP2R5C,0.0
PPP2R5D,0.0
PPP2R5E,0.0
PPP3CA,0.0
PPP3CB,0.0
PPP3R1,0.0
PPP4C,0.0
PPP4R1,0.0
PPP2R2A,0.0
RAD51,0.0
RAD51AP1,0.0
RAD51B,0.0
RAD51D,0.0
RAD52,0.0
RAD54B,0.0
RAD54L,0.0
RAD54L2,0.0
RAE1,0.0
RAF1,0.0
RALA,0.0
PSME2,0.0
RALGAPA1,0.0
RALGAPA2,0.0
RALGAPB,0.0
RALGPS2,0.0
RALY,0.0
RAN,0.0
RANBP1,0.0
RANBP10,0.0
RANBP2,0.0
RANBP3,0.0
RANBP6,0.0
RANBP9,0.0
RALBP1,0.0
RAB5A,0.0
RAB5B,0.0
RAB5C,0.0
RAB6A,0.0
RAB8A,0.0
RAB8B,0.0
RABAC1,0.0
RABEP1,0.0
RABEPK,0.0
RABGAP1,0.0
RABGAP1L,0.0
RAD50,0.0
RABGGTA,0.0
RABGGTB,0.0
RABIF,0.0
RABL3,0.0
RAC1,0.0
RACGAP1,0.0
RAD1,0.0
RAD17,0.0
RAD18,0.0
RAD21,0.0
RAD23A,0.0
RAD23B,0.0
RABGEF1,0.0
RBBP6,0.0
RBBP7,0.0
RBBP8,0.0
RBBP9,0.0
RBCK1,0.0
RBFA,0.0
RBFOX2,0.0
RBL1,0.0
RBL2,0.0
RBM10,0.0
RBM12,0.0
RANGAP1,0.0
RBM15,0.0
RBM15B,0.0
RBM17,0.0
RBM18,0.0
RBM19,0.0
RBM22,0.0
RBM25,0.0
RBM26,0.0
RBM27,0.0
RBM28,0.0
RBM3,0.0
RBM33,0.0
RBM14,0.0
RAP1A,0.0
RAP1B,0.0
RAP1GAP2,0.0
RAP1GDS1,0.0
RAP2A,0.0
RAP2B,0.0
RAP2C,0.0
RAPGEF1,0.0
RAPGEF2,0.0
RAPGEF6,0.0
RAPGEFL1,0.0
RAPH1,0.0
RBBP5,0.0
RARS2,0.0
RASA1,0.0
RASA2,0.0
RASA3,0.0
RASSF2,0.0
RASSF3,0.0
RASSF8,0.0
RAVER1,0.0
RB1,0.0
RB1CC1,0.0
RBAK,0.0
RBBP4,0.0
RARS,0.0
PTMS,0.0
PTOV1,0.0
PTP4A2,0.0
PTPMT1,0.0
PTPN1,0.0
PTPN11,0.0
PTPN12,0.0
PTPN13,0.0
PTPN18,0.0
PTPN2,0.0
PTPN23,0.0
RAB4A,0.0
PTPN9,0.0
PTPRA,0.0
PTPRG,0.0
PTPRJ,0.0
PTPRK,0.0
PTRH2,0.0
PTRHD1,0.0
PTS,0.0
PTTG1,0.0
PTTG1IP,0.0
PUF60,0.0
PUM1,0.0
PTPN4,0.0
PSME3,0.0
PSME4,0.0
PSMF1,0.0
PSMG1,0.0
PSMG2,0.0
PSMG3,0.0
PSMG4,0.0
PSPC1,0.0
PSPH,0.0
PSRC1,0.0
PSTK,0.0
PTMA,0.0
PTBP1,0.0
PTBP2,0.0
PTBP3,0.0
PTCD2,0.0
PTCD3,0.0
PTDSS1,0.0
PTEN,0.0
PTER,0.0
PTGES2,0.0
PTGES3,0.0
PTGR2,0.0
PTK7,0.0
PTAR1,0.0
R3HDM2,0.0
R3HDM4,0.0
RAB10,0.0
RAB11A,0.0
RAB11B,0.0
RAB11FIP1,0.0
RAB11FIP2,0.0
RAB12,0.0
RAB14,0.0
RAB15,0.0
RAB18,0.0
PUM2,0.0
RAB21,0.0
RAB22A,0.0
RAB23,0.0
RAB27A,0.0
RAB28,0.0
RAB2A,0.0
RAB2B,0.0
RAB33B,0.0
RAB3GAP1,0.0
RAB3GAP2,0.0
RAB3IP,0.0
RAB43,0.0
RAB1B,0.0
PURB,0.0
PUS1,0.0
PUS7,0.0
PUS7L,0.0
PUSL1,0.0
PWP1,0.0
PWWP2A,0.0
PXMP4,0.0
PXN,0.0
PYCR2,0.0
PYGB,0.0
PYGL,0.0
R3HDM1,0.0
PYROXD1,0.0
QARS,0.0
QDPR,0.0
QPCTL,0.0
QPRT,0.0
QRICH1,0.0
QRSL1,0.0
QSER1,0.0
QSOX1,0.0
QSOX2,0.0
QTRT1,0.0
R3HCC1,0.0
PYGO2,0.0
